mii_name,body_height,body_weight,gender,eye_type,eye_color,eye_size,eye_rotation,eye_horizontal,eye_vertical,eyebrow_type,eyebrow_color,nose_type,nose_size,mouth_type,mouth_color,hair_type,hair_color,face_type,face_color,mole_enable,mole_horizontal,mole_vertical,mole_size,glasses_type,favorite_color,dataset
煡敢砲癔穂䅐䅁十剆䵦,69,115,1,24,5,6,9,10,12,23,3,6,11,1,5,122,2,11,3,1,18,17,2,1,12,nnid
噑剌穣娷摘䩂䅁䥁䩫䅑,70,85,1,4,5,0,5,10,19,1,2,5,10,5,1,65,2,0,2,1,10,19,2,15,11,nnid
䌫癮浑慈匲䱦䅷䕁瀱䅆,72,73,1,42,5,0,7,10,25,1,2,1,10,1,5,81,2,0,2,1,26,27,2,1,12,nnid
䥌戯硤㙯圯杢䅧䥁䈲䅏,71,107,1,50,5,0,8,10,21,1,2,1,10,1,5,119,2,0,2,0,2,14,4,1,11,nnid
⭡ㅐ䅥晍䤰癦䅑穁䩗䅄,71,103,0,48,5,0,8,10,6,1,2,1,10,1,5,103,2,0,2,1,10,16,2,1,10,nnid
極㔶卪䱶呃步䅑硁䉫䅲,72,69,1,48,5,0,7,2,26,1,2,6,10,1,5,81,2,0,2,0,10,14,4,1,12,nnid
睚䠴䙫䥷㈫䱡䅁歁婬䅂,71,52,1,57,5,0,7,10,10,1,2,1,10,1,5,65,2,0,2,0,10,14,4,1,12,nnid
㡋瑙積娷祤昫䅧䅁䉅䵘,73,85,1,1,5,0,10,10,6,23,3,18,10,1,5,122,1,11,3,0,10,21,1,1,11,nnid
䑡䕐䑅楓㡭栴䅷ぁ汇䅳,71,107,1,40,5,0,7,10,19,1,2,1,10,1,5,103,2,0,2,1,10,16,0,1,11,nnid
浈刵積娷穑佳䅁ぁ桇䅂,72,85,0,48,4,0,7,10,21,1,2,1,10,1,5,119,2,0,2,0,26,25,3,1,11,nnid
㑚爷⽣䩄睁扐䅧桁䉹䅔,71,69,1,40,5,0,1,10,0,1,2,6,10,1,5,103,2,0,2,1,18,16,2,1,12,nnid
㕳㠲杒敱㌴歬䅑䕁浅䵐,70,56,1,1,5,0,5,10,2,1,2,6,10,1,5,122,1,11,3,1,18,16,2,1,12,nnid
㕲奄䙣愲睐児䅁䅁䉇䅔,71,69,1,49,4,0,7,10,21,1,2,16,11,7,1,81,2,0,2,0,18,18,4,1,12,nnid
䠶䔶穙㙎十噡䅧䅁剂䅅,71,69,1,48,5,0,1,10,0,1,2,6,10,1,5,103,2,0,2,0,18,19,4,1,12,nnid
䝨桔睹睑桗䥍䅷䅁䉅䅈,71,85,0,57,5,0,7,10,17,1,2,1,10,1,5,119,2,0,2,1,18,16,2,1,10,nnid
䙬偆䅥晍敺祪䅑畁䉅䵹,73,48,1,1,5,0,1,10,0,1,2,1,10,1,5,65,1,11,3,1,18,16,2,1,10,nnid
穤㡨睹睑楘乍䅷獁婆䵃,73,111,0,1,5,0,16,10,6,23,3,1,10,1,5,84,1,11,3,0,2,13,2,1,10,nnid
㕳穬䑅䈰㈰㔸䅷摁䉕䅄,71,119,0,52,5,0,7,10,10,1,2,10,11,7,5,81,2,0,2,1,26,29,2,1,10,nnid
㍳位䑅䈰圶确䅧慁丰䅔,71,103,1,57,5,0,8,10,4,1,2,1,10,1,5,81,2,0,2,1,2,28,3,1,12,nnid
㙉祯積娷穑䝑䅁䅁䉇䅔,72,81,0,48,4,0,7,10,19,1,2,20,11,1,5,81,2,0,2,1,2,30,2,1,11,nnid
汲癤䑫䈰䠫㍇䅑硁瑬䅂,71,119,1,52,4,0,1,10,0,1,2,1,10,1,5,81,2,0,2,0,26,27,4,1,10,nnid
ㄯ汌㈲䭥婁㉚䅁穁㕃䅅,71,85,1,55,5,0,7,2,26,1,2,21,11,7,5,103,2,0,2,0,27,26,5,6,12,nnid
䥆摌睑㔷噥捏䅧䑁久䅋,71,69,1,44,5,0,8,10,6,1,2,6,10,1,5,81,2,0,2,0,2,13,3,1,12,nnid
䱴㝴椱漹䔯䭖䅑煁㥬䅲,71,107,1,41,5,0,8,10,21,1,2,1,10,1,5,103,2,0,2,0,26,29,4,1,10,nnid
橱さ匲砱敧㥭䅷㉁㥇䅱,71,56,1,53,5,0,7,2,26,1,2,1,10,1,5,65,2,0,2,1,18,16,2,1,11,nnid
䙳䰴䝒⭨千䵄䅧橁氱䅋,72,85,1,48,5,0,7,10,10,1,2,6,10,1,5,65,2,0,2,0,2,14,4,1,12,nnid
㑳婨卪䱶瑏穌䅧楁婖䅂,72,77,1,53,5,0,7,10,2,1,2,1,10,1,5,81,2,0,2,1,2,14,2,1,10,nnid
唷癥噬员瑕杏䅷䵁䩅䅔,72,85,1,40,5,0,1,10,0,1,2,6,10,1,5,103,2,0,2,0,18,22,4,1,12,nnid
搷橦䑕䈰堫䴯䅧䅁䉅䅱,71,69,0,1,5,0,1,10,0,1,2,1,10,1,5,119,1,0,2,0,10,14,4,1,10,nnid
椷汇升砱⭶汧䅧䅁䉅䅋,69,85,1,33,5,0,6,10,6,1,2,16,9,7,5,119,4,0,2,0,26,26,2,2,11,nnid
偳婱卄䱶㥐瀹䅧摁䍫䵸,80,77,1,15,5,0,5,10,2,1,2,6,10,1,5,65,2,11,3,1,18,16,2,1,12,nnid
䭃婵穰乭㡤搷䅁瑁刱䄶,71,85,0,57,5,0,7,10,2,1,2,21,9,7,5,81,2,0,2,0,26,28,3,1,11,nnid
㝂ㅧ穣娷灥㔹䅁乁瑇䅑,71,69,1,51,5,0,12,10,4,1,2,8,11,8,5,81,2,0,2,0,2,12,3,9,11,nnid
戸婪穚乭兦晓䅧乁䙭䅶,72,77,1,40,5,0,8,10,4,1,2,1,10,1,5,119,2,0,2,1,18,16,0,1,10,nnid
㑳䨵䐰䈰收㉃䅑䩁婆䅔,71,85,1,47,5,0,1,10,0,1,2,6,10,1,5,65,2,0,2,0,2,25,3,1,12,nnid
䙐䩪祈椷㡲㕋䅑摁噫䅓,71,69,1,1,5,0,1,10,0,1,2,1,10,1,5,65,1,0,2,1,26,26,3,1,10,nnid
歋䱡䝣祷㑢㍸䅑䅁硇䅱,71,85,1,44,5,0,1,10,0,1,2,6,10,1,5,103,2,0,2,0,2,14,4,1,12,nnid
剕䥺䑅䈰呹婕䅑䍁久䅶,72,111,0,1,5,0,1,10,0,1,2,1,10,1,5,119,1,0,2,0,10,14,4,1,11,nnid
兰䡎䅵晍䙹硲䅧䅁䉆䅩,71,85,1,48,5,0,1,10,0,1,2,1,10,1,5,103,2,0,2,1,18,16,2,1,11,nnid
䱴噫䑫䈰㑺祸䅷剁婖䵦,72,52,0,1,5,0,1,10,0,1,2,1,10,1,5,65,1,11,3,0,2,29,2,1,10,nnid
㉩儫穣娷䝒㘳䅑㡁䩫䵶,73,115,1,48,4,6,16,10,27,23,3,1,10,1,5,122,2,11,3,1,26,24,0,1,11,nnid
兄刵䑩桔圲㡈䅧牁婆䅅,71,69,1,1,5,0,5,10,2,1,2,6,10,1,5,65,1,0,2,1,18,16,2,1,12,nnid
⽅偐穯㙎效䭵䅧汁桅䅰,72,111,1,53,5,0,1,10,0,1,2,1,10,1,5,81,2,0,2,1,26,28,3,1,11,nnid
〱睐匲砱桧楖䅧䅁䉖䩱,105,103,1,1,5,4,10,3,24,1,2,17,3,39,5,81,1,0,2,0,10,14,4,1,11,nnid
瑬䍺椷扵㍮爰䅁㥁䩫䅑,69,103,0,16,5,0,1,10,0,1,2,1,10,1,5,81,2,0,2,1,18,16,2,1,11,nnid
㑪㕅睓睑㥦佌䅷䅁睗䵑,67,111,0,54,5,0,8,10,10,1,2,12,11,3,5,65,2,0,2,1,18,16,0,1,10,nnid
捐丫䐰䈰刷杍䅧敁䡅䵦,77,77,0,56,4,6,1,10,0,1,2,1,10,9,5,84,4,11,3,1,10,16,0,11,10,nnid
㐷戯㉑挰慔杔䅧扁婫䅔,71,103,1,57,5,0,8,10,17,1,2,21,11,1,5,81,2,0,2,0,10,16,3,1,12,nnid
歷捦杒敱欲瘷䅧⭁桗䅓,69,85,0,2,5,0,1,10,0,1,2,1,10,1,5,103,2,0,2,1,2,13,3,1,10,nnid
样煎穰乭㍦穲䅁䅁䉅䅲,71,69,0,1,5,0,1,10,0,1,2,1,10,1,5,81,1,0,2,0,10,14,4,1,10,nnid
䍇䝰呱㑁煚汁䅧䅁䉅䅅,71,69,1,54,5,0,8,10,8,1,2,1,10,1,5,119,2,0,2,1,18,16,2,1,11,nnid
䵢焸䡁睒䉋煸䅁䩁栱䵵,69,103,1,1,5,0,5,10,2,1,2,6,10,1,5,122,1,11,3,1,2,27,2,1,12,nnid
㙚坓䉉啚⭚歚䅁瑁䉅䵦,70,77,1,52,5,6,6,10,21,23,3,6,10,1,5,106,2,11,3,0,10,13,1,1,12,nnid
剨䄴楬漹欯べ䅷硁䙅䅆,72,81,0,40,5,0,7,2,26,1,2,1,10,1,5,65,2,0,2,1,18,16,2,1,10,nnid
祖瘳穳娷䙚桮䅷䥁硭䵲,73,56,1,11,5,6,1,10,0,1,2,1,10,1,5,68,3,11,3,1,26,24,2,1,11,nnid
浓䥧兑ㅄ煶呓䅷獁㥭䅅,72,107,0,40,5,0,7,2,26,1,2,25,11,7,5,65,2,0,2,0,10,19,1,1,11,nnid
兌啖䐰楓癭慣䅁穁串䅭,71,119,1,48,4,0,7,10,10,1,2,1,10,1,5,81,2,0,2,0,2,29,3,1,11,nnid
㔷歗楲扵卯捎䅁硁剫䅅,71,85,1,48,4,0,8,10,4,1,2,21,9,7,5,119,2,0,2,0,2,14,4,1,10,nnid
浕慓午獤㙸效䅁乁㥇䅱,72,85,1,42,5,0,7,10,10,1,2,20,11,7,5,81,2,0,2,1,18,16,2,1,12,nnid
䅌卥瑌㘹摶啄䅧䅁硃䅱,71,85,1,45,5,0,1,10,0,1,2,6,10,1,5,103,2,0,2,1,18,16,3,1,12,nnid
⽫䉯倲买煊す䅑䅁䉗䅋,71,56,1,53,5,0,7,10,21,1,2,8,11,1,5,65,2,0,2,1,2,28,3,1,12,nnid
㜱甶坘啗穫嘫䅷畁ㅖ䅪,79,107,1,48,5,0,7,10,27,1,2,1,10,1,5,119,2,0,2,0,2,14,4,1,12,nnid
倸䭱穚乭⽣㕶䅑䅁硇䅔,71,107,1,50,5,0,5,10,27,1,2,9,11,1,5,119,2,0,2,0,10,14,4,1,10,nnid
慰奤祮椷橮婌䅁䩁瑆䅅,71,107,0,52,5,0,7,2,28,1,2,11,11,8,5,81,2,0,2,0,10,22,3,1,11,nnid
呂㈶穰乭湥㙰䅷杁瀱䅎,71,56,1,51,5,0,8,10,21,1,2,1,10,1,5,65,2,0,2,0,18,21,4,1,11,nnid
伸䬲根㥲浹慚䅧穁汖䅎,71,69,1,44,5,0,1,10,0,1,2,1,10,1,5,103,2,0,2,0,2,12,3,1,11,nnid
㑳她䅥晍㘱䭸䅧婁㥇䅱,71,69,1,52,5,0,7,10,10,1,2,1,10,1,5,81,2,0,2,0,2,14,4,1,10,nnid
異䍬礴瑫儰硺䅁䅁剆䅑,70,89,1,49,5,0,5,10,23,23,3,20,10,7,5,65,1,0,2,1,18,16,2,1,12,nnid
䉁敉升砱穰㍏䅧灁㥭䅂,71,99,0,58,5,0,8,10,8,1,2,21,11,1,5,81,2,0,2,1,18,16,2,1,10,nnid
眴乓穊乭䱘䵫䅷十䌲䵋,69,111,1,1,5,0,1,10,0,1,2,1,10,1,5,122,1,11,3,1,18,16,2,1,10,nnid
卲䭇䐰䈰焲栫䅷潁㤱䅩,71,56,0,1,5,0,1,10,0,1,2,1,10,1,5,103,1,0,2,1,2,27,3,1,10,nnid
男呌⽤㉊䡗穘䅷杁㄰䴯,80,119,1,4,5,6,10,10,6,23,3,6,10,1,5,84,3,11,3,0,26,28,2,1,12,nnid
睮䉉卄䱶䙁㕏䅁呁㥭䵔,71,77,1,1,5,0,1,10,0,1,2,1,10,1,5,122,1,11,3,0,18,21,4,1,11,nnid
漴挸䑫䈰煺㔱䅁㕁䉫䅲,71,69,0,40,5,0,1,10,0,1,2,1,10,1,5,81,2,0,2,1,18,16,2,1,10,nnid
浍汩內ㅄ究ㅑ䅑潁瑭䅋,72,85,1,53,5,0,1,10,0,1,2,1,10,1,5,81,2,0,2,1,26,26,3,1,11,nnid
硫䵨椷扵䙱穵䅷䵁噬䅈,72,73,0,46,5,0,1,10,0,1,2,1,10,1,5,81,2,0,2,0,10,14,3,1,11,nnid
⬷䙫杸敱㤱啢䅁䅁桖䅳,71,107,1,48,5,0,7,2,26,1,2,1,10,1,5,65,2,0,2,0,26,25,3,1,10,nnid
汤呶扒电愳婨䅷捁摆䅨,71,52,1,44,5,0,7,10,27,1,2,6,10,1,5,119,2,0,2,1,10,12,2,1,12,nnid
べ䝖具ㅄ䝧䌶䅁十䘲䅂,71,52,0,40,5,0,1,10,0,1,2,1,10,1,5,103,2,0,2,0,10,14,3,1,11,nnid
䕶眫䑅䈰䔰杍䅑摁䩫䅲,72,85,1,47,5,0,4,10,10,1,2,1,10,1,5,119,2,0,2,1,10,16,0,1,10,nnid
䙥⬷⭬焯桭卋䅧䅁䉅䅌,69,99,1,1,5,0,5,10,2,1,2,6,10,1,5,103,1,0,2,1,18,16,2,1,12,nnid
倷䥃穙㙎䕂祎䅁䅁䉅䅎,69,107,1,21,5,0,1,10,0,1,2,6,10,1,5,119,2,0,2,0,10,18,4,1,12,nnid
䕃〵睃睑慘啳䅑汁砱䴫,80,119,1,56,4,6,1,10,0,1,2,1,10,1,5,106,4,11,3,1,10,16,2,1,11,nnid
汉奓㥖杳䥕杓䅑噁ㅇ䅔,69,115,1,13,5,0,5,10,27,1,2,6,10,1,5,81,2,0,2,1,26,26,2,1,12,nnid
椲㍥兑ㅄ㑪䅒䅑呁搰䅳,72,85,0,48,5,0,7,10,27,1,2,12,11,1,5,119,2,0,2,1,18,16,2,1,11,nnid
㙒䭩穹捡刹䉵䅑桁噆䅃,71,56,1,46,5,0,7,10,10,1,2,1,10,1,5,119,2,0,2,1,18,16,2,1,12,nnid
㙁瘵椷扵㥰睧䅑䉁ㅇ䅔,72,81,0,53,5,0,1,10,0,1,2,1,10,1,5,81,2,0,2,0,10,18,2,1,11,nnid
兖⭕匲砱灧浓䅑瑁䩅䅄,71,69,0,44,5,0,8,10,6,1,2,1,10,1,5,103,2,0,2,0,18,22,3,1,11,nnid
ㅣ楬楬漹湹湰䅷䅁䉅䅬,71,81,1,53,4,0,1,10,0,1,2,1,10,1,5,65,2,0,2,0,2,29,3,1,11,nnid
㑷嘲稴㙎䵐㘵䅑捁框䅵,71,99,1,46,5,0,7,10,12,1,2,16,9,8,5,103,2,0,2,0,2,14,4,4,10,nnid
㠷楐ぇ娫敧㉘䅷慁䩫䅌,72,73,1,53,5,0,7,10,17,1,2,12,11,1,5,81,2,0,2,0,2,14,4,1,12,nnid
獶杹卺䱶㙐扰䅧佁噆䵘,73,99,1,38,5,6,1,10,0,1,2,1,10,7,5,106,2,11,3,1,10,16,0,4,10,nnid
䭣䨰䄫晍㍸㕐䅑㥁ㅫ䅅,71,69,1,44,5,0,1,10,0,1,2,1,10,1,5,103,2,0,2,0,2,14,4,1,10,nnid
摓㕄捶摢佬佅䅷䅁䉅䅫,71,56,1,49,4,0,8,10,8,1,2,20,11,7,5,103,2,0,2,1,10,16,0,1,12,nnid
䍫䭌稸娷奘低䅑乁丱䵃,69,111,1,43,4,6,10,10,6,23,3,1,10,1,5,68,2,11,3,1,26,28,0,1,11,nnid
䝡慐儹ㅈ䝬㡰䅷䅁桅䅫,71,69,1,1,5,0,5,10,2,1,2,6,10,1,5,65,1,0,2,0,10,14,4,1,12,nnid
䥃ㅶ杅杆汱潪䅁䅁䉅䄰,71,85,1,40,5,0,7,10,8,1,2,11,11,7,5,65,2,0,2,0,10,12,3,1,12,nnid
䅰㍳卄䱶䅐橮䅑捁噬䅱,71,56,0,1,5,0,1,10,0,1,2,1,10,1,5,81,1,0,2,1,18,16,2,1,11,nnid
灤㙈な乥う兂䅧摁刱䅌,72,85,1,40,5,0,1,10,0,1,2,6,10,1,5,81,2,0,2,0,18,17,3,1,12,nnid
ぶ䵢椷扵慴晚䅑楁㕇䅹,71,85,1,42,5,0,7,10,19,1,2,15,11,7,1,81,2,0,2,1,18,16,2,12,11,nnid
㑳穚稴㙎敁书䅧㕁瀱䅳,71,85,1,1,5,0,5,10,2,1,2,6,10,1,5,65,1,0,2,1,2,13,1,1,12,nnid
㑂摧升砱卧慨䅧坁框䅋,71,56,0,44,5,0,7,10,17,1,2,1,10,1,5,119,2,0,2,1,18,16,2,1,11,nnid
㘷睲稵乭晦扦䅷潁摬䅈,71,107,1,53,5,0,7,2,26,1,2,1,10,1,5,81,2,0,2,1,18,16,2,1,10,nnid
㠳䵲根㥲癸癪䅷䅁䉅䅏,69,103,1,1,5,0,1,10,0,1,2,1,10,1,5,65,1,0,2,1,10,19,2,1,10,nnid
䕒獬甯煳兪汕䅧䅁剅䅕,71,56,1,51,5,0,7,10,21,1,2,1,10,7,5,103,2,0,2,0,10,14,4,1,12,nnid
橤䱇礳椷究瑩䅷䅁䉅䵦,71,89,1,57,5,6,9,2,24,23,3,14,10,1,5,106,2,11,3,1,18,16,2,1,11,nnid
㡲䍋䥓硁橔偓䅑䅁硇䄴,72,103,1,52,4,0,8,10,19,1,2,6,11,7,1,103,2,0,2,0,2,14,4,1,12,nnid
田ㄸ嘰漰噍桵䅁䅁剂䅹,71,69,1,45,5,0,1,10,0,1,2,6,10,1,5,103,2,0,2,1,18,17,2,1,12,nnid
眹橏穰乭潥䑢䅁瑁丰䅴,71,56,0,54,5,0,1,10,0,1,2,1,10,1,5,81,2,0,2,0,10,19,4,1,10,nnid
湰楷祮椷橮䵔䅷㙁䉅䅑,71,85,1,40,5,0,8,10,4,1,2,1,10,1,5,65,2,0,2,0,26,25,3,1,11,nnid
㑡湄こ䈷倵䠴䅧坁䙆䵘,74,77,1,1,5,0,5,10,2,1,2,6,10,1,5,68,1,11,3,1,10,17,3,1,12,nnid
焲䭡穚乭⽗䜲䅑剁䩕䅂,72,73,1,40,5,0,7,2,26,1,2,1,10,1,5,81,2,0,2,1,10,20,3,1,10,nnid
呆器卪䱶剅㍤䅧㝁瑬䅃,72,85,1,44,5,0,8,10,21,1,2,17,9,1,5,119,2,0,2,1,2,26,1,1,11,nnid
䙰浅祈椷潲㝡䅧流瑖䅆,69,48,1,13,5,0,6,10,21,1,2,20,10,6,5,81,2,0,2,0,10,21,4,6,11,nnid
㕲啖祮椷㥪捥䅷灁氱䅂,71,48,1,1,5,0,1,10,0,1,2,1,10,1,5,81,1,0,2,0,2,14,4,1,11,nnid
癯偤睩睑獙畆䅑㙁歗䄲,81,73,0,39,5,0,4,10,12,2,2,20,9,17,5,65,5,1,2,1,26,29,2,1,10,nnid
汯杬䑫楓ぱ獄䅷䅁硇䅵,71,85,1,57,5,0,7,2,28,1,2,8,11,7,1,119,2,0,2,1,2,30,2,0,11,nnid
橬灢䐰楓㡩摷䅧啁瑬䅎,71,107,1,40,5,0,7,10,10,1,2,6,11,5,5,119,2,0,2,1,26,24,3,1,11,nnid
䌴瘴南砱浧坎䅷䝁婆䅐,71,119,1,50,4,0,7,10,10,1,2,1,10,1,5,81,2,0,2,1,10,16,0,1,11,nnid
摉潕稸娷楖浡䅷䅁桇䄰,71,115,0,56,5,0,4,10,0,1,2,1,10,1,5,65,1,0,2,1,18,16,0,1,11,nnid
㑳捓卪䱶噅坳䅑婁䙆䅪,71,103,0,48,5,0,8,10,6,1,2,16,11,7,5,103,2,0,2,0,10,17,3,1,10,nnid
丸条歯䵕㝵欷䅑楁㉖䴱,78,56,1,1,5,0,10,10,6,23,3,24,11,15,1,122,1,11,3,0,10,18,2,1,12,nnid
塲䕍祈椷坶吰䅷䙁䝫䵐,73,56,1,16,5,6,9,2,28,23,3,16,10,9,1,122,3,11,3,1,18,16,2,0,11,nnid
湃倲䑅䈰愶㕑䅁坁䩆䅋,71,69,1,44,5,0,8,10,6,1,2,6,10,1,5,81,2,0,2,1,18,16,3,1,12,nnid
㉤煚睃睑桘ぷ䅑煁婬䴫,70,85,0,33,5,6,1,10,0,1,2,1,10,1,5,122,2,11,3,1,18,16,2,1,10,nnid
欶㡫楢扵塧砰䅷慁䉅䅗,71,85,1,41,5,0,7,10,2,1,2,1,10,1,5,103,2,0,2,0,18,17,3,1,10,nnid
⬷煘䡴煪敶䥨䅷楁乭䅵,71,107,1,54,5,0,7,10,27,1,2,26,11,1,5,119,2,0,2,1,2,13,1,1,12,nnid
剴奵卄䱶䉅⭥䅧奁䈲䅔,71,77,1,53,5,0,15,10,8,1,2,16,9,7,5,65,2,0,2,0,10,16,4,1,10,nnid
䝡䍋潕噑砶〱䅑䭁匱䵇,69,81,1,40,5,6,1,10,0,1,2,6,10,1,5,122,2,11,3,1,26,24,1,1,12,nnid
煗⽣積娷啘呷䅑摁乖䵃,73,81,1,1,5,0,1,10,0,1,2,1,10,1,5,122,1,11,3,1,26,24,2,1,11,nnid
硊偳䅏晍煺瑪䅁䅁䑅䵔,77,77,0,41,5,6,13,10,6,23,3,1,10,1,5,68,3,11,3,1,18,16,2,1,11,nnid
㉳光杨敱㐴汢䅷橁㈰䵇,69,89,1,1,5,0,5,10,2,1,2,6,10,1,5,106,1,11,3,1,10,20,3,1,12,nnid
圴摚杨敱爱呁䅧杁楫䴯,77,77,0,1,5,0,1,10,0,1,2,1,10,1,5,122,1,11,3,0,2,29,3,1,10,nnid
䕊圫穰乭偤娸䅁㑁㕬䅌,71,85,1,53,5,0,8,10,8,1,2,22,11,7,1,81,2,0,2,0,2,14,4,1,11,nnid
摖歌南砱桧橳䅑流䉅䵎,71,77,1,56,4,6,1,10,0,1,2,1,10,1,5,84,4,11,3,1,2,14,2,1,11,nnid
估汙䑉汷桑楖䅧橁㕇䅷,71,69,1,57,5,0,7,10,21,1,2,18,11,1,5,65,2,0,2,0,10,14,3,1,12,nnid
獇娵稵乭汤䍨䅷䅁硖䵃,71,77,1,1,5,0,1,10,0,1,2,1,10,1,5,122,1,11,3,1,10,16,2,1,11,nnid
兰づ䐰䈰吰瑹䅑歁串䵨,72,69,0,42,5,6,16,10,6,23,3,5,11,39,5,122,4,11,3,0,2,13,2,1,10,nnid
癅㝑祈椷㙪佭䅷䅁䉅䅮,71,107,0,23,5,0,7,10,2,1,2,1,10,1,5,119,2,0,2,1,18,16,2,1,11,nnid
癷䥒䑅䈰䐱楘䅧䩁乫䅒,72,85,0,51,5,0,7,10,2,1,2,1,10,1,5,81,2,0,2,0,10,12,3,1,10,nnid
⭮汊礳椷獳⬶䅷摁硬䅩,71,56,0,1,5,0,1,10,0,1,2,1,10,1,5,103,1,0,2,1,18,16,2,1,11,nnid
䕰䝧呋㑁づ义䅧橁摬䅋,71,69,1,54,5,0,7,2,26,1,2,1,10,1,5,119,2,0,2,1,18,16,2,1,11,nnid
㥋慐穰乭癣桃䅷䩁䉫䅃,72,73,1,53,5,0,7,10,8,1,2,21,11,1,5,81,2,0,2,0,10,19,3,1,11,nnid
㍩䕆呡㑁杤䴳䅁䱁ㅅ䅸,67,48,0,40,5,0,7,2,24,1,2,25,11,1,5,119,2,0,2,0,2,14,4,1,11,nnid
买㍴祗䥏畩漯䅧摁乗䅂,71,52,1,57,5,0,7,10,21,1,2,1,10,1,5,81,2,0,2,0,26,25,3,1,12,nnid
㡋婉䴷奤睭求䅧乁摬䅩,71,107,1,39,5,0,7,10,19,1,2,8,11,7,5,119,1,0,2,1,10,20,2,1,12,nnid
䕰啬䑅楓⭪潮䅷㝁氲䅕,71,107,0,51,5,0,8,10,21,1,2,1,10,1,5,65,2,0,2,1,2,26,1,1,11,nnid
佔渱㙑㕓㕒杅䅧䥁噬䅔,71,69,1,48,4,0,7,10,21,1,2,14,11,7,1,103,2,0,2,1,2,29,3,1,12,nnid
䍎奢稸娷䕘票䅑婁䙕䅎,72,107,1,47,5,0,7,2,26,1,2,1,10,1,5,65,4,0,2,0,2,29,3,1,11,nnid
煰硣礳椷㥮噶䅷婁䙫䵐,73,56,0,10,5,6,2,10,23,15,1,18,9,4,5,68,3,11,3,0,2,14,4,5,11,nnid
硨之穣娷䝘䥌䅷䅁桇䅑,71,103,1,42,5,0,7,10,8,1,2,1,10,1,5,81,2,0,2,1,18,16,2,1,11,nnid
兗偍樲䡕啸⭣䅑㙁ㄲ䅴,71,69,1,54,5,0,8,10,10,1,2,12,11,8,5,81,2,0,2,0,2,14,4,12,12,nnid
摍礹穣娷祤ㅮ䅧㉁卆䴹,77,77,0,41,5,6,13,10,6,23,3,14,10,4,5,122,4,11,3,1,10,18,3,1,11,nnid
潌楦穣娷婕塱䅧䅁䉅䅫,71,107,1,51,5,0,7,10,8,1,2,1,10,7,5,65,2,0,2,1,18,16,0,9,11,nnid
䠰㑕穉㙎济慹䅑畁ㅕ䴯,73,89,1,1,5,0,10,10,6,23,3,1,10,7,5,106,1,11,3,1,26,29,2,5,10,nnid
晲嘵穉㙎偁㑄䅷㝁器䅌,71,85,1,1,5,0,5,10,2,1,2,6,10,1,5,103,1,0,2,0,18,20,3,1,12,nnid
祑煔婐業䠯硑䅑流乕䵃,73,69,1,20,5,6,11,2,28,23,3,23,10,1,5,122,2,11,3,1,18,16,2,1,12,nnid
㕊夳䭯獥䙂橒䅷瑁乫䵹,73,48,1,20,5,6,1,10,0,1,2,6,10,1,5,122,3,11,3,0,2,28,3,1,12,nnid
搵祘穰乭㝣婡䅷乁瑆䅑,72,73,1,42,5,0,7,10,10,1,2,1,10,1,5,81,2,0,2,1,10,18,3,1,10,nnid
䙈䕯楲㝋獎䘶䅁㕁硫䅵,71,56,0,41,5,0,8,10,8,1,2,22,11,7,5,119,2,0,2,1,18,16,2,2,11,nnid
䝃潑洯⽰䨰员䅷瑁硖䅰,72,77,1,41,5,0,7,10,10,1,2,1,10,1,5,81,2,0,2,1,26,25,1,1,12,nnid
㘷㐸楢扵穧䅲䅁䑁㕫䵦,69,81,0,5,5,6,1,10,0,1,2,23,9,3,1,122,2,11,3,0,2,13,2,0,10,nnid
㝤獗䅥晍䜰礱䅑㥁乗䅆,71,119,1,48,5,0,7,10,10,1,2,1,10,1,5,65,2,0,2,0,10,19,3,1,10,nnid
穎圴匲砱睶堳䅧㝁桅䅈,71,69,1,44,5,0,8,10,21,1,2,24,11,1,5,103,2,0,2,1,10,19,2,1,11,nnid
㍐䰹呡㑁䩑⭰䅷歁㡗䅧,67,65,0,17,5,0,5,10,2,1,2,16,10,1,5,83,2,0,2,1,11,16,5,6,11,nnid
癤䅸呡㑁䉥杂䅧䱁桅䅨,71,52,0,54,5,0,4,10,2,1,2,1,10,1,5,65,2,0,2,1,2,29,3,1,10,nnid
䱚〶祘佐潅员䅧䅁硑䅹,71,56,1,47,5,0,7,2,28,1,2,6,10,1,5,119,2,0,2,0,26,27,3,1,12,nnid
䈴睥䑕䈰䴳卨䅁䍁灬䅡,69,85,0,16,5,0,1,10,0,1,2,1,10,1,5,103,2,0,2,0,2,12,3,1,10,nnid
潴圶協䱶䱁偫䅷橁摖䵱,73,103,0,1,5,0,1,10,0,1,2,1,10,1,5,68,1,11,3,0,18,22,3,1,10,nnid
䕰䈲礳椷呯㕕䅑汁瑆䅵,71,107,0,50,5,0,1,10,0,1,2,1,10,1,5,119,2,0,2,0,2,14,4,1,11,nnid
䕣穁兓扐䭰䴸䅑穁硇䅎,71,69,1,49,4,0,3,10,0,1,2,8,11,7,1,81,2,0,2,1,2,12,3,5,12,nnid
㝏睦癹汕湌䩵䅑楁硖䅂,71,48,1,44,5,0,8,10,4,1,2,6,10,1,5,103,2,0,2,0,26,24,3,1,12,nnid
䙺婑稴㙎ㅉ灊䅧䅁則䵌,73,69,1,3,5,6,1,10,0,1,2,6,10,1,5,106,2,11,3,1,10,16,0,1,12,nnid
㌶呭楢扵䱫八䅑扁䩅䅵,71,107,1,54,5,0,1,10,0,1,2,1,10,1,5,119,2,0,2,0,10,14,4,1,10,nnid
呏ㅔ祮椷㕲搷䅷䝁汆䅪,71,103,1,49,4,0,7,10,27,1,2,1,10,1,5,65,2,0,2,0,2,14,4,1,10,nnid
䠷偔㍳㡱㡇灙䅑扁䉫䵦,69,56,1,1,5,0,5,10,2,1,2,6,10,1,5,106,1,11,3,1,18,16,2,1,12,nnid
偏䉑䐰䈰杹稵䅧䅁䉗䅹,71,56,0,1,5,0,1,10,0,1,2,1,10,1,5,65,1,0,2,0,2,14,4,1,11,nnid
摴儴杸敱洵䑁䅑慁橕䵓,79,48,1,1,5,0,5,10,2,1,2,6,10,1,5,65,1,11,3,1,10,19,2,1,12,nnid
琸獰椷扵扪䩥䅑䅁硇䅴,71,107,1,1,5,0,1,10,0,1,2,1,10,1,5,81,1,0,2,0,26,26,2,1,10,nnid
剴杉睃睑牡㕂䅧獁䈰䵔,71,103,1,1,5,0,1,10,0,1,2,1,10,1,5,122,1,11,3,0,10,14,4,1,10,nnid
䙡畚䅵晍楺啰䅧穁㕇䅎,67,52,1,1,5,0,1,10,0,1,2,1,10,1,5,119,1,0,2,0,2,13,2,1,10,nnid
卩䵃䅧㕯坔慭䅧㑁串䅷,71,69,1,51,5,0,7,10,2,1,2,6,10,1,5,81,2,0,2,1,2,13,3,1,12,nnid
䨸椴䡋獸穹伵䅧䑁䩕䅳,71,107,1,40,5,0,1,10,0,1,2,6,10,1,5,103,2,0,2,1,18,16,2,1,12,nnid
樵ㅕ祈椷剶佐䅑呁栰䅔,71,85,1,52,5,0,7,10,2,1,2,1,10,1,5,65,2,0,2,0,10,13,2,1,11,nnid
卭獯䑕楓歯䭚䅁䙁摬䅋,71,69,0,1,5,0,1,10,0,1,2,1,10,1,5,81,1,0,2,1,18,16,2,1,11,nnid
獍㍳䤱搶䴫歑䅷硁䩅䅈,71,56,1,25,5,0,7,10,21,1,2,25,10,7,5,65,2,0,2,1,18,16,2,1,12,nnid
㑅佘慑ぐ倫浯䅷橁乁䅄,71,103,1,48,5,0,8,10,6,1,2,1,10,1,5,103,2,0,2,0,2,14,4,1,12,nnid
畮浪䑫楓䵯礳䅑ㅁ㕇䅚,71,69,1,48,5,0,7,2,26,1,2,1,10,1,5,103,2,0,2,1,18,16,2,1,11,nnid
䡌匫托㥑晐ざ䅁祁䉗䵖,71,111,1,15,5,0,5,10,2,1,2,6,10,1,5,65,2,11,3,1,10,22,1,1,12,nnid
つ收呱㑁䡢㑁䅁䕁䩅䅔,71,107,1,54,5,0,7,2,26,1,2,1,10,1,5,81,2,0,2,0,10,14,4,1,10,nnid
桷㙇楚㘲獤捣䅑䅁䉕䅏,71,56,0,57,5,0,1,10,0,1,2,1,10,1,5,119,2,0,2,1,18,16,2,1,11,nnid
剔扅桎㥲晹⭄䅑䅁剆䅂,72,73,0,44,5,0,7,2,26,1,2,26,10,1,5,81,2,0,2,1,10,20,3,1,10,nnid
汵⽨卺䱶䭇潕䅑䅁䉅䅲,71,85,1,48,5,0,7,10,2,1,2,1,10,1,5,65,2,0,2,1,10,16,2,1,12,nnid
睲卒楚㘲䅑䅲䅁䅁䉕䅪,72,89,0,39,5,0,7,2,24,1,2,7,11,7,5,81,1,0,2,1,18,16,2,5,11,nnid
汈睉穰乭佣䉚䅷䱁摆䵒,69,81,0,1,5,0,1,10,0,1,2,1,10,1,5,65,1,11,3,0,26,28,2,1,11,nnid
㘷㝰穊乭⭥瘵䅁流㥇䵹,72,77,1,1,5,0,1,10,0,1,2,1,10,1,5,84,1,11,3,1,18,16,2,1,10,nnid
爴汉晳倴ぺ啌䅑䅁䉕䅆,71,119,1,48,5,0,7,2,26,1,2,1,10,1,5,81,2,0,2,1,18,16,2,1,12,nnid
奔桕穳娷䍚祺䅑摁䙅䅂,72,81,1,48,5,0,7,10,27,1,2,1,10,1,5,65,2,0,2,1,2,27,3,1,11,nnid
㜷㑈杒敱猳煴䅧硁䉅䅍,72,85,1,40,5,0,1,10,0,1,2,6,10,1,5,119,2,0,2,1,2,13,1,1,12,nnid
䌵䈱楬漹䵺晘䅑䅁剆䅂,72,89,0,51,5,0,7,2,28,1,2,12,11,8,5,81,2,0,2,1,10,17,1,1,10,nnid
癓㉐呱㑁畗偲䅁慁䉅䅔,71,77,0,48,4,0,8,10,8,1,2,1,10,1,5,119,2,0,2,0,10,14,3,1,10,nnid
卒硪楲扵潧煅䅷呁ㅫ䅆,72,73,0,48,5,0,7,2,26,1,2,1,10,1,5,119,2,0,2,1,2,30,2,1,11,nnid
橁業睃睑噘䝹䅧䥁䈰䅴,71,69,0,54,5,0,1,10,0,1,2,1,10,1,5,81,2,0,2,0,2,14,4,1,11,nnid
佳条䑕䈰刳啘䅧呁摆䴫,69,89,1,1,5,0,1,10,0,1,2,1,10,1,5,65,1,11,3,1,10,19,1,1,10,nnid
㘯由穰乭⽦䙮䅑硁ㅖ䵌,72,115,1,2,5,7,23,11,0,1,2,21,11,7,5,65,1,11,3,0,2,13,2,1,10,nnid
㥋㐰灢圸㝧奱䅧䅁䉅䅱,71,56,1,39,5,0,7,10,23,1,2,12,11,1,5,81,1,0,2,0,26,26,2,1,12,nnid
伵坚睩睑䝤䠲䅧摁婆䴶,69,81,1,1,5,0,1,10,0,1,2,1,10,1,5,65,1,11,3,0,10,16,1,1,10,nnid
⽫批睹睑㕘䍷䅷牁噆䅕,67,65,1,51,4,0,7,10,10,1,2,16,9,1,5,119,2,0,2,1,26,24,3,1,10,nnid
䩙杫别穴⽳敘䅁楁㥭䅆,72,73,1,42,5,0,7,10,25,1,2,6,10,1,5,81,2,0,2,0,18,16,4,1,12,nnid
䄸稯佖漶硁塆䅁䅁䉆䅔,72,81,1,50,4,0,7,10,10,1,2,6,10,1,5,81,2,0,2,0,2,25,3,1,12,nnid
焳㡲摶䥔⭵卌䅷ㅁㅅ䅨,72,73,1,58,5,0,1,10,0,1,2,6,10,1,5,81,2,0,2,1,18,16,2,1,12,nnid
㍌䭕楲扵杵摐䅁杁䨲䅩,71,56,1,1,5,0,1,10,0,1,2,1,10,1,5,103,1,0,2,1,2,25,3,1,11,nnid
㘸㥣噮㡯䥈吱䅷牁瑇䅋,71,69,1,40,5,0,7,2,26,1,2,6,10,1,5,103,2,0,2,0,10,22,4,1,12,nnid
歗⭰杂敱䰲伯䅁啁氰䵹,71,111,1,1,5,0,10,10,6,23,3,1,10,1,5,106,1,11,3,1,18,18,3,1,11,nnid
䴸䍑敥䩁㑘捯䅑䵁桖䅮,71,56,1,54,5,0,1,10,0,1,2,6,10,1,5,119,2,0,2,1,10,19,2,1,12,nnid
剹䜲楌扵晵䙩䅑㝁噅䅏,71,69,0,44,5,0,1,10,0,1,2,1,10,1,5,65,2,0,2,1,18,16,2,1,11,nnid
体楃根㥲卹䴷䅑祁硗䅔,72,85,1,52,5,0,5,10,19,1,2,12,11,3,5,103,1,0,2,0,26,28,2,1,11,nnid
奪䡯睃睑㡥獳䅧ぁ敆䵋,73,99,1,38,5,6,1,10,0,1,2,1,10,1,5,106,2,11,3,0,2,27,2,1,10,nnid
歮瑙䑫䈰卺䵏䅁㝁串䅪,71,85,1,44,5,0,1,10,0,1,2,22,9,7,1,119,2,0,2,0,26,28,2,12,10,nnid
坔煌祮椷䉫稳䅧煁婬䵉,73,107,1,6,5,6,1,10,0,1,2,1,10,1,5,122,2,11,3,0,26,25,3,1,11,nnid
晙㝍噎杣楋䅪䅧乁刱䄫,69,69,1,41,5,0,7,10,2,1,2,12,11,8,1,65,2,0,2,0,10,21,3,1,12,nnid
䅡䥥㉓䙬硎楌䅁䩁偫䅦,70,85,1,16,5,0,6,3,28,1,2,6,2,49,5,81,5,1,2,1,2,30,2,1,12,nnid
㉳楃卪䱶獏塰䅧煁瀰䅨,72,77,1,51,5,0,7,10,10,1,2,1,10,1,5,65,2,0,2,1,26,24,2,1,10,nnid
慒杔昴婮灃湙䅷㑁剬䅷,71,85,1,48,5,0,8,10,8,1,2,19,11,7,1,65,2,0,2,0,26,26,2,7,12,nnid
瑨朸兪癶浔奉䅑ぁ乫䅴,71,85,1,48,5,0,7,2,28,1,2,1,10,1,5,103,2,0,2,0,10,14,4,1,11,nnid
獳歒卺䱶扈㕅䅑啁㑆䅪,69,48,1,46,5,0,8,10,10,1,2,19,11,1,5,81,2,0,2,1,18,17,3,1,12,nnid
桧氰䙋浒戰歋䅑㑁㕭䅚,71,69,1,3,5,0,7,2,28,1,2,16,11,7,5,65,2,0,2,0,2,30,3,1,12,nnid
偳䈳穯㙎塂呎䅑汁啫䅸,68,65,1,1,5,0,5,10,2,1,2,6,10,1,5,103,1,0,2,1,10,19,3,1,12,nnid
杸獫䑕䈰⼵扺䅁橁噂䅅,72,73,1,51,4,0,1,10,0,1,2,6,10,1,5,81,2,0,2,1,2,30,3,1,12,nnid
歶㉂䐰䈰挳呃䅷䱁乫䅈,69,56,1,1,5,0,1,10,0,1,2,1,10,1,5,65,1,0,2,0,2,13,2,1,10,nnid
戴䥬剋䠳歭㠹䅧乁桬䅅,71,69,1,48,5,0,7,10,10,1,2,1,10,1,5,103,2,0,2,1,2,25,3,1,12,nnid
䡺礸卺䱶硊⭎䅑ㅁ瑅䅎,72,85,1,40,5,0,1,10,0,1,2,6,10,1,5,119,2,0,2,1,18,16,2,1,12,nnid
䡅䡔㝃䩬䭙牨䅷ㅁ䉫䅺,71,115,1,51,5,0,7,10,2,1,2,11,11,7,5,81,2,0,2,1,18,16,2,1,12,nnid
䠴䍃南砱㡶捗䅷桁汬䅂,71,119,1,52,4,0,1,10,0,1,2,1,10,1,5,81,2,0,2,0,26,28,2,1,11,nnid
摆奉杺桇㠹䩦䅷䅁䉕䄵,71,56,1,53,4,0,7,2,28,1,2,1,10,1,5,81,2,0,2,1,18,16,2,1,12,nnid
硊㥐硭卸䱉㤰䅁䅁䉅䅕,71,56,1,53,4,0,1,10,0,1,2,6,10,1,5,103,2,0,2,0,10,14,2,1,12,nnid
㥋穋瘫ㅢ㑳䭱䅧歁乫䅃,72,73,1,53,5,0,7,10,8,1,2,21,11,1,5,81,2,0,2,0,2,13,4,1,12,nnid
歮楡䐰䈰䈰摆䅷桁婆䵘,70,119,1,54,5,6,5,10,25,23,3,1,10,1,5,122,2,11,3,1,18,16,2,1,10,nnid
噏杨䅥晍兹癍䅷䅁䉕䅓,71,85,0,44,5,0,7,10,10,1,2,1,10,1,5,103,2,0,2,0,10,17,3,1,11,nnid
穤䝤吶㑁此䝲䅁捁婖䅬,72,99,1,48,4,0,8,10,6,1,2,21,9,7,5,81,2,0,2,1,10,18,3,12,10,nnid
湡䌱䐰䈰䐷楦䅷䭁䩗䅍,71,56,1,1,5,0,7,2,28,1,2,1,10,1,5,81,1,0,2,0,10,17,3,1,11,nnid
灲佸卺䱶畄啡䅧䑁䩅䅅,71,69,0,48,5,0,7,10,8,1,2,1,10,1,5,103,2,0,2,0,2,14,4,1,10,nnid
稱橍睹睑穡歘䅧䅁瀱䅃,72,73,0,1,5,0,1,10,0,1,2,1,10,1,5,81,1,0,2,0,18,22,3,1,11,nnid
⽚瀲畦ㅪ扨䉖䅑䅁䉅䅫,71,69,1,48,5,0,7,10,10,1,2,1,10,1,5,81,2,0,2,1,18,16,2,1,12,nnid
䥮堲稸娷䡦瑘䅁䅁䉇䅱,71,56,1,47,5,0,7,10,21,1,2,1,10,1,5,119,2,0,2,1,18,16,2,1,11,nnid
䱵塐佫前ぎ楶䅷橁久䅳,72,85,1,40,5,0,7,2,26,1,2,21,9,1,5,119,2,0,2,0,26,28,3,1,12,nnid
䕱煰㤴潱䐯䙏䅁允瑸䅲,71,69,1,44,5,0,7,2,26,1,2,12,11,1,5,65,2,0,2,0,2,14,4,1,12,nnid
㡲穩卪䱶汐䡪䅁杁㠱䵏,69,69,0,40,5,0,7,2,26,1,2,2,10,55,1,81,2,0,2,1,26,28,1,1,10,nnid
歗畒䐰楓畩㐹䅑䩁䩇䅔,71,107,0,20,5,0,7,10,6,1,2,22,11,8,5,103,2,0,2,0,10,22,3,8,11,nnid
㝶祄䑕䈰㘲䡕䅧㕁椱䵇,69,89,0,1,5,0,1,10,0,1,2,1,10,1,5,122,1,11,3,1,10,19,1,1,10,nnid
㉤䭦䅏晍浹畘䅁潁䘰䅨,71,119,1,53,4,0,7,10,2,1,2,26,11,3,5,81,2,0,2,0,2,14,4,4,10,nnid
倷兕楌扵㑰癡䅁穁䩬䵹,73,48,0,1,5,0,1,10,0,1,2,1,10,1,5,65,1,11,3,1,26,28,0,1,10,nnid
元慪挶獌㑢ぃ䅧䅁䉁䅃,71,56,1,43,5,0,7,2,28,1,2,12,11,1,5,103,2,0,2,1,18,16,2,1,12,nnid
稶䡤楌扵瑪ㅖ䅧硁㥭䅈,71,103,0,58,5,0,8,10,8,1,2,25,11,7,5,119,2,0,2,0,2,14,4,1,10,nnid
圷摳䅡浚祚杗䅁䩁䉭䅐,71,81,1,44,5,0,1,10,0,1,2,6,10,1,5,81,2,0,2,1,26,27,3,1,12,nnid
㡮䔸睃睑癡桘䅑ぁ久䅨,71,52,0,44,5,0,7,10,27,1,2,1,10,1,5,119,2,0,2,0,2,13,2,1,10,nnid
㘷䭸杨敱⼲䡇䅑慁ㄲ䄴,67,48,1,40,5,0,8,10,0,1,2,21,9,3,1,65,2,0,2,1,10,19,2,1,10,nnid
䥌煶楢扵㑱時䅧祁硭䄵,71,56,0,48,5,0,1,10,0,1,2,1,10,1,5,103,2,0,2,0,2,12,3,1,11,nnid
䔶乊昸㙤䉸䉣䅑捁框䅱,72,85,1,44,5,0,8,10,6,1,2,6,10,1,5,65,2,0,2,0,2,14,3,1,12,nnid
獐㈳獥扶橨㡗䅧䅁穅䵐,75,81,1,33,5,6,13,10,6,23,3,1,10,1,5,84,4,11,3,0,2,29,3,10,12,nnid
单䕮積娷噓䝷䅷䅁䍅䵉,69,89,1,1,5,0,1,10,0,1,2,1,10,1,5,68,1,11,3,1,18,16,2,1,11,nnid
䡡㡡稸娷兓ぃ䅧祁坬䴰,75,48,1,49,5,6,1,10,0,1,2,1,10,1,5,106,4,11,3,0,2,29,3,1,11,nnid
其煘畑杣楊圱䅑䅁硁䵤,65,65,1,15,5,0,5,10,2,1,2,6,10,1,5,65,2,0,2,1,18,16,2,1,12,nnid
丫䝮睓睑㉘普䅷䅁硇䅋,71,69,1,44,5,0,1,10,0,1,2,1,10,1,5,119,2,0,2,0,10,19,4,1,10,nnid
䑴㡉卺䱶㡐䠱䅧䅁䍅䵊,80,119,0,20,5,6,1,10,0,1,2,11,10,9,5,84,3,11,3,1,26,24,3,1,10,nnid
浘䄲穚乭㉣㡙䅷慁㥭䅫,71,69,1,53,5,0,8,10,21,1,2,1,10,8,5,103,2,0,2,1,10,21,2,1,11,nnid
祱睧䅵晍儫睢䅑扁硭䅮,71,69,1,54,5,0,8,10,4,1,2,19,11,7,5,81,2,0,2,1,10,16,2,12,11,nnid
䍪㙄扩煘㡃浤䅧䅁䉕䴷,70,56,1,20,5,6,1,10,0,1,2,6,10,1,5,122,3,11,3,1,18,16,2,1,12,nnid
剌㥪穙㙎奎匯䅧䭁乬䅂,71,81,1,52,5,0,1,10,0,1,2,1,10,1,5,81,2,0,2,1,2,28,2,1,11,nnid
乴牸睹睑潡䬴䅑噁䉇䅭,72,85,1,48,5,0,8,10,17,1,2,25,11,7,5,103,2,0,2,1,26,29,2,1,10,nnid
摌㥹積娷剔內䅷乁䩅䅫,71,69,0,48,5,0,7,10,8,1,2,19,11,7,1,103,2,0,2,1,2,29,3,0,11,nnid
䱂慆㐴噃䵳䄱䅁䅁硂䅅,71,85,1,46,5,0,6,10,19,1,2,1,10,1,5,103,2,0,2,0,10,13,3,1,12,nnid
䑴㡎卺䱶㙌牔䅧摁ㅭ䵔,71,77,1,4,5,6,10,10,6,23,3,1,10,1,5,122,3,11,3,0,10,14,4,1,10,nnid
晱倶䥏杖噒橣䅧䅁䉅䅓,71,56,1,1,5,0,5,10,2,1,2,6,10,1,5,103,1,0,2,1,18,16,2,1,12,nnid
䕑桧稸娷瑔圹䅁杁䩭䅇,71,107,1,54,5,0,8,10,10,1,2,1,10,1,5,103,2,0,2,0,10,22,3,1,11,nnid
䄳䅸䐰䈰栲㕈䅑流䉅䅏,71,107,0,50,5,0,1,10,0,1,2,1,10,1,5,119,2,0,2,1,2,30,2,1,10,nnid
潈㕮朳楙㥱坕䅷ぁ歭䅹,69,77,1,40,5,0,7,10,21,1,2,22,9,1,5,65,2,0,2,1,10,19,3,1,12,nnid
汣䬱穣娷晣ㄴ䅧剁㥖䅫,71,69,1,48,5,0,7,2,26,1,2,1,10,1,5,65,2,0,2,0,2,14,4,1,11,nnid
电水楲扵獱硇䅁䅁䑅䵳,75,81,0,58,5,6,1,10,0,1,2,1,10,1,5,68,4,11,3,1,18,16,2,1,11,nnid
捋浏穳娷穤瘫䅷乁䩆䵔,69,89,1,4,5,6,10,10,6,23,3,1,10,1,5,84,3,11,3,1,10,19,2,1,11,nnid
⭣橸䑅楓啯祥䅧䅁䉅䅹,72,107,1,53,5,0,1,10,0,1,2,1,10,1,5,81,2,0,2,1,18,16,2,1,11,nnid
捰⽫兺癶㍣䝎䅧䅁䉅䅩,72,73,0,53,5,0,7,2,26,1,2,21,11,7,5,81,2,0,2,1,18,16,2,1,11,nnid
㤷佦楢扵穪䡒䅧穁瑬䅃,72,85,0,41,5,0,7,10,2,1,2,1,10,1,5,103,2,0,2,0,18,22,3,1,10,nnid
敉⬵䡊䭵䍍济䅁䅁䉕䅴,71,56,1,39,5,0,7,10,2,1,2,14,11,7,5,81,1,0,2,1,18,16,0,5,12,nnid
䑹䵷婓獍䐹慵䅷䅁框䅰,72,89,1,53,5,0,1,10,0,1,2,6,10,1,5,81,2,0,2,0,10,14,3,1,12,nnid
瑤充礸䅥㥏㝳䅁䅁剆䅺,72,107,1,42,5,0,6,10,2,5,2,24,1,4,5,103,2,0,2,1,10,16,0,9,10,nnid
䅌洳睩睑噘噉䅷煁摬䅋,72,85,0,53,5,0,1,10,0,1,2,1,10,1,5,103,2,0,2,0,18,22,3,1,11,nnid
㉤儰睓睑㍗䥦䅧灁汫䴯,71,77,0,4,5,6,10,10,6,23,3,1,10,1,5,84,3,11,3,0,10,21,1,1,10,nnid
晧捤煁伷瘹䉸䅧㕁ㅭ䅏,71,69,1,1,5,0,5,10,2,1,2,6,10,1,5,103,1,0,2,1,2,14,3,1,12,nnid
東协䑫䈰䜷坫䅷䕁灆䵃,69,111,1,1,5,0,16,10,27,23,3,1,10,1,5,68,1,11,3,0,10,19,3,1,10,nnid
瑕䭬穣娷兘噶䅑穁橭䵚,79,115,0,51,5,6,1,10,0,1,2,22,9,5,5,68,3,11,3,0,18,19,3,1,10,nnid
坡噬呋㑁䡡灙䅑䥁砲䅺,71,69,0,57,5,0,7,10,21,1,2,8,11,1,5,103,2,0,2,1,10,19,2,1,10,nnid
夸㔫䡉䈴公祸䅷䅁剆䅴,71,85,1,15,5,0,5,10,2,1,2,6,10,1,5,65,2,0,2,1,18,16,2,1,12,nnid
煎爸穊乭楗捌䅁摁乆䅂,71,81,1,52,5,0,1,10,0,1,2,1,10,1,5,81,2,0,2,0,2,14,3,1,11,nnid
剈㘹㈯漹祃䈫䅁楁瑅䵦,69,56,1,20,5,6,1,10,0,1,2,6,10,1,5,106,3,11,3,1,18,22,2,1,12,nnid
湓䡈祘椷佧奈䅧敁䉅䅅,71,85,0,57,5,0,7,2,28,1,2,1,10,1,5,119,2,0,2,0,2,13,2,1,11,nnid
呗搳祳䅥婐礫䅷呁㥖䅎,71,69,0,48,5,0,8,10,6,1,2,21,11,1,5,65,2,0,2,0,2,13,2,1,10,nnid
䤹关南砱瑶漴䅑䅁框䵖,71,103,1,1,5,0,1,10,0,1,2,1,10,1,5,122,1,11,3,1,18,16,2,1,11,nnid
噷す穯㙎睃瑱䅁䕁⬲䅷,72,52,1,57,5,6,6,10,8,23,3,17,11,16,5,84,3,0,2,1,10,16,0,7,12,nnid
䝇嘱灔䡅䈵呢䅧橁搱䅔,71,107,1,50,5,0,7,10,10,1,2,6,10,1,5,65,2,0,2,0,10,13,3,1,12,nnid
⽤湹桎㥲晹硕䅑䅁硅䅳,71,56,1,40,5,0,7,2,26,1,2,1,10,1,5,119,2,0,2,1,18,16,2,1,10,nnid
㝺呢㔫㉣甯晄䅧䅁䉅䅷,71,85,1,48,5,0,8,10,8,1,2,1,10,1,5,65,2,0,2,1,18,16,2,1,12,nnid
獰穚礳椷硬剱䅁䅁䉅䅪,71,48,1,1,5,0,1,10,0,1,2,1,10,1,5,65,1,0,2,1,18,16,2,1,11,nnid
礶婷䩓湭㡥搹䅷敁ㅖ䅌,71,69,1,40,5,0,1,10,0,1,2,6,10,1,5,103,2,0,2,1,18,16,2,1,12,nnid
摘畎䉍歂佺⭨䅧䅁䉖䵔,72,52,1,49,5,6,1,10,0,1,2,6,10,1,5,68,2,11,3,1,18,16,2,1,12,nnid
則䑘㙁橬港䡣䅑䱁噬䅇,74,65,1,6,1,5,11,11,8,1,2,15,1,5,5,103,5,2,2,0,2,29,3,1,12,nnid
䑡㍣眱琰乹䅄䅁䅁睁䅷,68,69,1,15,5,0,5,10,2,1,2,6,10,1,5,65,2,0,2,1,18,16,2,1,12,nnid
㉳㐶卪䱶坈場䅑䅁䉕䅎,71,56,1,52,5,0,8,10,21,1,2,6,10,1,5,81,2,0,2,1,26,28,1,1,12,nnid
䵕䑅稸娷癖噙䅁䅁硇䵅,71,77,1,4,5,6,10,10,6,23,3,1,10,1,5,84,3,11,3,0,2,14,4,1,10,nnid
慐䕶偌⽏穨摙䅑流㕖䅩,72,73,1,54,5,0,7,10,25,1,2,15,11,7,5,119,2,0,2,1,10,14,2,0,12,nnid
㙑捃稵乭癦䡢䅑䙁婅䅅,71,56,0,44,5,0,8,10,4,1,2,17,9,4,5,103,2,0,2,1,10,21,2,1,11,nnid
㑅扴穰乭獤乨䅷䅁䍅䵌,69,81,1,1,5,0,1,10,0,1,2,1,10,1,5,65,1,11,3,1,10,20,0,1,11,nnid
䵴漵䄸㔸啥ㅩ䅁杁乫䵶,72,73,1,54,5,6,9,10,8,23,3,8,10,6,5,81,2,11,3,0,10,18,3,3,12,nnid
晚娱歘桹戰桚䅷䍁䨲䅍,71,56,1,44,5,0,7,10,27,1,2,11,11,7,5,103,2,0,2,0,10,14,4,0,12,nnid
乍⼱䅵晍䘫敵䅁乁灇䅨,71,52,0,44,5,0,7,10,27,1,2,23,11,7,5,119,2,0,2,1,10,21,2,8,10,nnid
扎乢兑ㅄ㙫末䅷噁ㅅ䅃,72,73,1,53,4,0,7,10,2,1,2,7,11,8,5,81,2,0,2,1,18,16,0,6,10,nnid
祤䭰椷扵啫琹䅷奁㥭䅉,71,85,1,48,4,0,7,2,28,1,2,1,10,7,5,119,2,0,2,1,18,16,0,1,11,nnid
歂䩳穚乭潥啢䅁䑁䩫䅂,71,52,0,53,4,0,1,10,0,1,2,1,10,1,5,65,2,0,2,1,10,14,2,1,11,nnid
慈⭈䑣倰漫䤱䅧灁瀱䅹,71,56,1,44,5,0,3,10,0,1,2,22,11,7,5,119,2,0,2,1,18,16,2,1,12,nnid
穎橁穚乭䅤娴䅑佁䩗䅎,71,85,1,1,5,0,1,10,0,1,2,1,10,1,5,65,1,0,2,1,10,16,2,1,11,nnid
㝂橋䐰䈰䄫畵䅷䱁婬䅊,72,77,0,40,5,0,1,10,0,1,2,1,10,1,5,103,2,0,2,1,18,16,2,1,11,nnid
䕔㍅根㥲䩹灲䅷䕁ㅇ䅩,71,69,0,51,5,0,7,2,28,1,2,22,11,1,5,65,2,0,2,0,2,14,4,1,10,nnid
䉤潌䅹塅伵⭙䅷十㕇䅋,71,69,1,44,5,0,1,10,0,1,2,6,10,1,5,119,2,0,2,1,10,16,2,1,12,nnid
乎㕐扸㉹婏呎䅧䅁楆䵅,71,77,1,56,4,6,1,10,0,1,2,20,10,9,5,84,4,11,3,1,26,26,2,1,12,nnid
㑳䭲䑅䈰䐱卒䅧䱁琱䅐,71,48,0,46,5,0,7,10,2,1,2,1,10,1,5,81,2,0,2,0,2,14,3,1,10,nnid
㠫㍭楌扵桧⽥䅑䅁䉅䅅,71,69,1,48,5,0,7,10,10,1,2,1,10,1,5,81,2,0,2,0,18,19,3,1,10,nnid
䵉ㅌ穹嘯㍩䭅䅧摁ㅖ䅋,70,85,1,15,5,0,5,10,21,1,2,6,10,1,5,81,2,0,2,1,2,14,3,1,12,nnid
挶䴹婗倵汙⽐䅁十䩅䵌,70,103,1,15,5,0,5,10,2,1,2,6,10,1,5,65,2,11,3,1,18,16,2,1,12,nnid
捲制協䱶䭇䑚䅧瑁瑬䅂,71,52,1,53,4,0,1,10,0,1,2,6,10,1,5,65,2,0,2,0,26,28,2,1,12,nnid
⭡椯積娷䭒䡪䅷䅁剆䅨,71,52,1,57,5,0,7,10,10,1,2,16,11,1,5,65,2,0,2,1,18,21,2,1,11,nnid
牋䑚穊乭剗䩱䅧ぁ䙭䅄,71,69,0,51,5,0,7,10,21,1,2,1,10,1,5,81,2,0,2,0,2,12,3,1,11,nnid
坷婴卄䱶䭎䑇䅷硁桬䅓,71,85,1,53,5,0,7,10,2,1,2,11,11,7,1,81,2,0,2,1,18,16,2,1,12,nnid
剎㍷穣娷敥眶䅁䅁䉕䵔,71,103,0,1,5,0,1,10,0,1,2,1,10,1,5,122,1,11,3,1,18,16,2,1,11,nnid
㥚稳瑂敕奺搸䅧䅁䉕䵭,71,99,1,13,5,6,7,10,23,23,3,8,11,3,5,84,3,11,3,1,18,16,2,1,12,nnid
㜷䅔偸ぁ䑢㔰䅑橁㔱䅇,71,69,1,40,5,0,7,10,19,1,2,6,10,1,5,81,2,0,2,1,2,30,0,1,12,nnid
呪䱏䅵晍乺椸䅑扁剅䅈,71,69,1,57,5,0,7,10,21,1,2,1,10,1,5,103,2,0,2,1,26,27,2,1,10,nnid
䙗煆楰㘲㑘䉤䅧噁䩅䅕,71,56,0,1,5,0,1,10,0,1,2,1,10,1,5,81,1,0,2,0,2,14,1,1,11,nnid
㕳瑴穙㙎癃䕨䅑ㅁ栲䵖,71,103,1,12,5,6,1,10,4,23,3,12,10,1,5,106,3,11,3,0,10,16,1,7,12,nnid
䴴晔穚乭硣卢䅑ㅁ䩆䵱,69,115,1,16,5,6,1,10,0,1,2,1,10,1,5,68,3,11,3,0,26,27,1,1,10,nnid
䨸晕偯欰䝍潦䅷䅁䉅䵨,71,69,1,15,5,0,5,10,2,1,2,6,10,1,5,65,2,11,3,1,18,16,2,1,12,nnid
兴低桤㥲慹党䅷䅁䉕䄱,65,65,1,1,5,0,1,10,0,1,2,1,10,1,5,65,1,0,2,1,18,16,2,1,10,nnid
慶䍵卺䱶獅坨䅷乁㕇䅔,71,107,1,54,5,0,1,10,0,1,2,6,10,1,5,103,2,0,2,0,26,26,4,1,12,nnid
猲䰱兑ㅄ㡶睋䅷乁框䅱,71,69,0,57,5,0,7,2,28,1,2,1,10,1,5,81,2,0,2,0,26,26,2,1,11,nnid
捷く楰㘲汘水䅷䉁噬䅕,71,107,1,52,5,0,7,10,10,1,2,24,11,4,5,81,2,0,2,1,18,16,2,1,11,nnid
㙳㈴穙㙎㉂䙆䅧睁汭䅌,65,65,1,1,5,0,8,10,6,23,3,1,10,1,5,119,1,0,2,1,2,14,2,1,12,nnid
㉤㡃睹睑婑㤱䅑煁䨲䅆,71,48,0,48,5,0,7,10,10,1,2,22,11,8,5,81,2,0,2,1,2,13,3,8,10,nnid
浈湕㕁摭㡆桖䅁祁䈲䅪,71,69,1,1,5,0,5,10,2,1,2,6,10,1,5,103,1,0,2,1,18,16,2,1,12,nnid
版慪牅浍䑨䍕䅁⭁䩅䵔,72,65,1,15,5,0,5,10,2,1,2,6,10,1,5,65,2,11,3,1,18,16,2,1,12,nnid
汓䅃桤㥲桹焱䅷䅁䉅䅴,71,69,0,48,4,0,1,10,0,1,2,1,10,1,5,65,2,0,2,0,2,14,4,1,10,nnid
䵢全硺䴶啱䡫䅧䅁䍖䵃,70,103,1,1,5,0,5,10,2,1,2,6,10,1,5,106,1,11,3,1,18,16,2,1,12,nnid
剴潅穉㙎ぉㅷ䅁䅁䉅䅴,71,107,1,44,5,0,7,10,8,1,2,6,10,1,5,119,2,0,2,1,18,16,2,1,12,nnid
攲決礷穧㡡剋䅧㡁㥇䅱,71,69,1,44,5,0,1,10,0,1,2,6,10,1,5,119,2,0,2,0,2,14,4,1,12,nnid
ㅲ獘䑫䈰⼶㌰䅧䅁䉅䵅,74,77,0,20,5,6,1,10,0,1,2,1,10,1,5,106,3,11,3,1,18,20,3,1,10,nnid
⭋㑊佑瑄呮䱨䅷桁䉗䅎,71,111,1,1,5,0,5,10,2,1,2,6,10,1,5,105,1,0,2,1,2,26,1,1,12,nnid
浙䕒䑅楓呩㙐䅷硁汖䅺,65,65,1,1,5,0,1,10,0,1,2,1,10,1,5,65,1,0,2,1,10,19,2,1,11,nnid
䙆㥂䑫䈰硺印䅧䅁兆䩇,103,85,0,49,5,6,16,10,27,23,3,20,10,1,5,106,4,6,3,0,10,20,2,1,11,nnid
〳楖睩睑灡䤸䅁穁㥇䵔,71,77,1,56,4,6,1,10,0,1,2,1,10,1,5,122,4,11,3,0,18,19,3,1,10,nnid
灈乲祮椷䵴婺䅷汁剖䵱,72,52,1,4,5,6,1,10,0,1,2,1,10,1,5,84,3,11,3,0,10,14,3,1,11,nnid
睺杕兑ㅄㅭ朹䅑畁䵅䄲,68,69,1,51,4,0,4,10,10,1,2,15,9,4,1,81,1,0,2,1,2,14,2,1,11,nnid
杅䝔佤橫睢椲䅁㑁氲䅴,71,107,1,58,5,0,8,10,21,1,2,17,9,7,1,119,2,0,2,0,2,30,3,1,12,nnid
噅搱歸ㅒ䉃硷䅷䅁桂䅬,71,119,1,1,5,0,5,10,2,1,2,6,10,1,5,81,1,0,2,0,26,25,3,1,12,nnid
䰱汮晵呈㠵堸䅷剁㥕䵃,69,81,1,1,5,0,5,10,2,1,2,6,10,1,5,122,1,11,3,1,26,27,3,1,12,nnid
㥋㝒睸䜷午摣䅧硁㕇䅺,72,81,1,55,5,0,7,10,19,1,2,21,11,1,5,81,2,0,2,0,26,24,3,1,12,nnid
ㅺこ具ㅄ奧捈䅁灁摬䅔,71,69,1,48,4,0,7,10,21,1,2,1,10,1,5,103,2,0,2,0,2,13,2,1,11,nnid
杌湓穳娷䝑偐䅧扁硭䵶,72,52,0,7,5,6,5,10,25,23,3,1,10,1,5,106,2,11,3,1,18,16,2,1,11,nnid
⽄瘱椷扵䡴圯䅧汁湆䵋,75,81,1,1,5,0,1,10,0,1,2,1,10,1,5,84,1,11,3,0,10,14,4,1,11,nnid
允瘱䩢䡑䉂䑄䅁㙁䉫䅬,71,81,1,1,5,0,5,10,2,1,2,6,10,1,5,81,1,0,2,1,18,16,2,1,12,nnid
䅡儯乎睰㐸瘳䅷䅁硃䅈,72,73,1,53,4,0,7,2,24,1,2,21,11,7,5,81,2,0,2,1,18,16,2,12,12,nnid
䕔癮桤㥲乹汎䅧流浖䵃,70,77,0,1,5,0,1,10,0,1,2,1,10,1,5,65,1,11,3,1,18,16,2,1,10,nnid
湮畗祈椷偶卂䅷䩁㘱䵇,69,48,0,1,5,0,1,10,0,1,2,1,10,1,5,65,1,11,3,1,18,16,2,1,11,nnid
ぷ䡉穙㙎牉㥋䅑㡁嘱䅴,71,69,1,48,5,0,7,2,26,1,2,1,10,1,5,103,2,0,2,0,10,14,4,1,12,nnid
来偤佦睃⽱焰䅑䅁䉅䅡,71,69,1,48,4,0,7,2,28,1,2,25,11,4,5,65,2,0,2,1,18,16,2,1,12,nnid
塌穗⭁䍤ㅃ橔䅁桁䙑䅎,71,56,1,1,5,0,1,10,0,1,2,1,10,1,5,81,1,0,2,1,18,21,3,1,9,nnid
湘㙹睂唫⽣㑋䅷㥁䩗䅲,71,85,1,51,5,0,8,10,21,1,2,1,10,1,5,81,2,0,2,1,18,18,2,1,12,nnid
啳䱵穯㙎浂䍯䅷䅁桗䴯,73,115,1,1,5,0,5,10,2,1,2,6,10,1,5,122,1,11,3,1,18,16,2,1,12,nnid
歒坨㥉硆䉥䱋䅁獁氱䅫,71,69,1,53,5,0,7,10,21,1,2,6,10,1,5,103,2,0,2,0,2,12,3,1,12,nnid
䑣㙗ㅺ扇⭷䴹䅑䅁䍕䵭,80,77,1,18,5,6,15,10,25,23,3,18,10,1,5,103,4,11,3,1,10,14,3,8,12,nnid
伸楑㑕㍸桰䥑䅧扁䩨䵭,71,81,1,15,5,0,5,10,2,1,2,6,10,1,5,65,2,11,3,0,2,28,3,1,12,nnid
瘵佪南砱啭䭬䅷䅁䉕䅫,71,107,1,54,5,0,8,10,6,1,2,17,9,8,5,103,2,0,2,1,18,16,2,1,11,nnid
䱄⽺楢扵ぴ奶䅑橁慬䅲,71,52,1,42,5,6,7,10,2,23,3,1,10,1,1,68,2,11,3,1,10,22,1,1,11,nnid
慩敮稵乭剗晩䅁煁桬䴯,71,77,1,20,5,6,1,10,0,1,2,1,10,1,5,122,3,11,3,1,10,12,1,1,11,nnid
㥋煗穣娷䝓樷䅑䅁剕䅪,71,85,1,48,5,0,7,2,26,1,2,1,10,1,5,65,2,0,2,1,18,16,2,1,11,nnid
䉨灉䑕楓䡮穈䅑橁䙅䅋,71,69,1,44,5,0,1,10,0,1,2,1,10,1,5,119,2,0,2,1,18,16,2,1,11,nnid
硲䍨睩睑獗㝧䅷䅁䉕䅍,71,85,0,53,5,0,7,10,21,1,2,1,10,1,5,119,2,0,2,1,18,16,2,1,11,nnid
䕰畎祮椷牲㑑䅷流汖䅋,71,85,1,58,5,0,1,10,0,1,2,1,10,1,5,119,2,0,2,1,10,14,1,1,11,nnid
䑮穢䑕䈰㝺佬䅁䅁硇䵌,71,103,0,38,5,6,5,10,25,23,3,13,10,1,5,68,2,11,3,0,26,28,2,1,10,nnid
橌ㅋ積娷员㥉䅁啁慕䵃,71,103,0,43,4,6,1,10,0,23,3,7,10,5,1,68,2,11,3,1,2,14,2,1,11,nnid
䍓䴷䭇摲呰當䅑䅁䉕䅶,71,119,1,44,5,0,3,10,0,1,2,12,11,8,5,81,2,0,2,1,18,16,2,1,12,nnid
搸畵稵乭佦䔸䅷䅁剆䅇,71,107,1,53,5,0,7,10,21,1,2,1,10,1,5,103,2,0,2,0,10,14,4,1,10,nnid
䅩摊启㙫睚睓䅧䅁䉅䅨,71,52,1,47,5,0,7,2,28,1,2,21,9,1,5,65,2,0,2,1,18,16,2,1,12,nnid
䙰䅍湢湇嘱ㄱ䅧睁硭䅪,71,103,1,57,5,0,7,10,27,1,2,16,9,1,5,81,2,0,2,1,10,13,2,1,12,nnid
慕⽮䑕楓坩⭫䅧䅁硇䅇,72,85,0,51,5,0,7,10,27,1,2,25,11,1,5,65,2,0,2,0,10,12,3,1,11,nnid
䱚硴㉧啳㡇婑䅁獁䙫䅉,71,85,1,52,5,0,8,10,6,1,2,6,10,1,5,103,2,0,2,1,18,16,2,1,12,nnid
祏䔱穳娷㕑塈䅑䅁剆䅫,71,103,0,54,5,0,7,10,8,1,2,1,10,1,5,119,2,0,2,0,10,14,4,1,11,nnid
塧樴杂敱䅷す䅷䱁䩅䵯,70,99,0,20,5,6,1,10,0,1,2,1,10,1,5,68,3,11,3,0,2,28,4,1,10,nnid
㑨娫䑫䈰〳呃䅧十硕䅨,71,73,1,48,4,0,7,10,10,1,2,26,11,1,5,119,2,0,2,1,10,18,3,1,10,nnid
䩣㈲稵乭䡦留䅷䥁䉫䅡,69,56,1,1,5,0,1,10,0,1,2,1,10,1,5,81,1,0,2,1,26,27,2,1,11,nnid
䑡瑋噩呵卋㡄䅷䅁硇䅷,71,85,1,1,5,0,5,10,2,1,2,6,10,1,5,65,1,0,2,1,18,16,2,1,12,nnid
乤䠶礳椷䉧佨䅷䉁䙫䅺,72,65,1,53,5,0,7,10,17,1,2,9,11,7,1,119,2,0,2,0,2,14,4,1,11,nnid
坚䡫楢扵㥲攷䅑祁䙆䅕,71,103,1,44,5,0,8,10,4,1,2,21,9,1,5,81,2,0,2,1,2,14,1,1,11,nnid
㉮瑕䄫晍ㄱ㕧䅷噁摬䅪,71,69,1,44,5,0,8,10,21,1,2,1,10,1,5,119,2,0,2,1,26,25,1,1,10,nnid
䡅捤啹硍く㍒䅑䅁祗䄯,77,83,1,10,5,7,19,1,11,19,2,5,11,34,1,87,1,2,3,0,3,14,7,1,12,nnid
⬸啫䑊異䱴偃䅁摁噬䵢,73,69,1,14,5,6,12,10,6,23,3,24,10,5,1,106,4,11,3,1,10,21,2,1,12,nnid
䵥乎䅵晍䜳呓䅧剁㘱䵺,76,77,1,1,5,0,1,10,0,1,2,1,10,1,5,65,1,11,3,1,18,16,0,1,10,nnid
楆塧⭰⽖㉅ㅩ䅷䅁剆䅫,71,69,1,1,5,0,5,10,2,1,2,6,10,1,5,65,1,0,2,1,18,16,2,1,12,nnid
㕥䕍奺橥爷戵䅑⭁㥕䅂,72,73,1,44,5,0,7,2,26,1,2,16,11,7,1,119,2,0,2,0,18,21,3,1,12,nnid
楆㝪楌扵啯ㅗ䅧䅁䅅䤵,68,77,1,51,5,0,7,2,28,1,2,16,9,7,5,65,2,0,2,1,18,16,2,5,11,nnid
晢畬牤偬浃䙴䅑噁ㅇ䅄,71,119,1,42,5,0,7,10,25,1,2,22,11,8,5,119,2,0,2,0,2,14,4,1,12,nnid
㠴䙕楢扵摪兒䅧剁乫䅍,72,107,0,40,5,0,7,2,26,1,2,1,10,1,5,119,2,0,2,1,18,16,2,1,11,nnid
䉆䥙穰乭䉥⭗䅷橁㥇䅚,72,85,0,48,5,0,1,10,0,1,2,19,11,1,5,119,2,0,2,0,2,14,3,1,11,nnid
㔵䵥升砱橭橇䅷䅁䉅䅌,71,107,1,46,5,0,3,10,0,1,2,21,9,1,5,103,2,0,2,0,10,14,4,1,11,nnid
灢搫穰乭㝦䡑䅷硁婆䵇,69,48,1,7,5,6,1,10,0,1,2,1,10,1,5,122,2,11,3,1,26,28,1,1,11,nnid
䅲㉲協䱶塅杤䅧牁䉆䴯,73,81,1,1,5,0,1,10,0,1,2,1,10,1,5,122,1,11,3,1,26,24,2,1,10,nnid
㥬婥祘椷佩刵䅁橁䨲䅌,71,103,1,40,5,0,7,2,24,1,2,1,10,1,5,119,2,0,2,0,2,13,2,1,11,nnid
㥈敧穙㙎畐瀳䅧十㈱䵃,69,103,1,1,5,0,1,10,0,1,2,1,10,1,5,65,1,11,3,0,10,22,3,1,11,nnid
ㅚ䅳稸娷㡔杌䅑䍁䙗䅊,72,77,0,41,5,0,7,10,10,1,2,1,10,1,5,81,2,0,2,1,10,20,3,1,11,nnid
改㙙楌扵䅱祪䅧婁婆䅬,72,81,1,40,5,0,7,2,26,1,2,1,10,1,5,65,2,0,2,1,26,27,2,1,10,nnid
䩈畭砹㙯欯䥚䅁䥁䈲䅯,71,69,0,51,5,0,7,10,10,1,2,1,10,1,5,81,2,0,2,1,2,14,1,1,11,nnid
䨷呶䅵晍稱穐䅁捁㥗䅵,71,107,0,40,5,0,1,10,0,1,2,1,10,1,5,103,2,0,2,0,2,14,4,1,10,nnid
扭猰祈椷湬摵䅧慁栲䅩,71,119,1,53,5,0,7,10,8,1,2,1,10,1,5,119,2,0,2,1,10,19,2,1,11,nnid
䩏䱦い䵅㥗乂䅷䅁硇䅴,71,111,1,48,5,0,8,10,21,1,2,11,11,8,5,103,2,0,2,0,10,14,4,15,12,nnid
佦愫楲扵東䝇䅷䅁䑅䵶,77,77,1,56,4,6,1,10,0,1,2,1,10,1,5,84,4,11,3,1,18,16,2,1,11,nnid
睔䑒畺敔坎橍䅑剁剬䅱,71,56,1,44,5,0,1,10,0,1,2,6,10,1,5,119,2,0,2,1,18,16,2,1,12,nnid
偷氶夫䕔䤳㡤䅷䭁㡇䅹,71,65,1,2,5,6,6,2,28,23,3,21,10,16,5,68,3,11,3,1,10,21,3,1,12,nnid
㍅乩穚乭㙑牵䅷䅁䉗䅬,71,119,0,53,5,0,7,10,21,1,2,8,11,1,5,81,2,0,2,1,26,29,2,1,11,nnid
㍒剂祍䅥䅐䉫䅷䅁框䅋,71,56,1,49,4,0,7,10,10,1,2,11,11,7,1,119,2,0,2,1,18,16,2,1,11,nnid
杹敮杒敱昲渹䅁潁ㅭ䅍,71,107,1,1,5,0,1,10,0,1,2,1,10,1,5,103,1,0,2,0,2,29,3,1,10,nnid
牒圯䑫䈰䨫戶䅧橁ㅅ䅋,71,85,1,44,5,0,7,2,24,1,2,12,11,1,5,103,2,0,2,1,26,24,3,15,11,nnid
攳㍕具ㅄ⭭畷䅁ㅁ搱䅱,71,69,0,54,4,0,1,10,0,1,2,1,10,1,5,103,2,0,2,0,18,20,2,1,11,nnid
ぶ〯卪䱶坈䡗䅷潁乭䅂,71,52,1,47,5,0,7,2,28,1,2,21,9,1,5,65,2,0,2,1,18,16,2,1,12,nnid
偮䕎祮椷啭湳䅷允䉭䅕,71,103,1,39,5,0,5,10,8,1,2,11,11,7,5,81,1,0,2,0,2,14,4,1,11,nnid
捩潩元㍈呡呫䅑䅁䉅䄰,71,69,1,48,5,0,8,10,23,1,2,1,10,1,5,103,2,0,2,1,18,16,2,1,12,nnid
䘸材穚乭䑦㑃䅧歁摆䅎,72,73,0,57,5,0,7,2,28,1,2,19,11,4,5,65,2,0,2,1,10,16,0,1,10,nnid
㥩圸睩睑㙥煷䅧十䭆䵉,71,77,0,56,4,6,1,10,0,1,2,1,10,1,5,122,4,11,3,1,10,13,3,1,10,nnid
十噱楌扵浯橲䅧䭁晬䵓,79,48,1,1,5,0,1,10,0,1,2,1,10,1,5,102,0,11,3,0,10,14,4,1,11,nnid
䩶楡楒畴䍐䉦䅧䅁剃䅑,71,69,1,57,5,0,7,10,21,1,2,18,11,1,5,65,2,0,2,1,18,16,2,1,12,nnid
〳瀳穚乭牤噸䅁歁㔱䅴,72,111,1,1,5,0,1,10,0,1,2,1,10,1,5,65,1,0,2,1,10,19,1,1,10,nnid
瑴堰穉㙎敐⼲䅁硁ㄲ䄶,71,107,0,51,5,0,7,10,2,1,2,1,10,1,5,65,2,0,2,0,18,22,3,1,10,nnid
楘側椷扵楶䍷䅁摁久䅅,71,69,0,38,5,0,7,10,25,1,2,16,11,7,1,103,2,0,2,0,2,29,3,1,11,nnid
䴹䡱呱㑁瑚䭪䅷䅁杇䅺,68,89,1,1,5,0,1,10,0,1,2,1,10,1,5,65,1,0,2,1,18,16,2,1,10,nnid
䱵扰䑅䈰丶䱐䅑䕁摂䅵,71,69,1,47,5,0,7,10,2,1,2,1,10,1,5,65,2,0,2,0,2,26,3,1,12,nnid
䡁慊䵦坤硹呈䅷䅁䉁䅫,71,69,1,48,5,0,7,10,8,1,2,6,10,1,5,103,2,0,2,0,2,14,4,1,12,nnid
ㅨ䠫湫潖㘸娰䅑祁㕭䴫,70,85,1,1,5,0,5,10,2,1,2,6,10,1,5,84,1,11,3,1,18,16,2,1,12,nnid
楙㑮穣娷䭒㉇䅑䵁乕䅫,71,85,0,44,5,0,1,10,0,1,2,1,10,1,5,65,2,0,2,1,18,16,2,1,11,nnid
剎晨吶㑁䍥⽦䅁㥁噆䅫,71,69,1,1,5,0,1,10,0,1,2,1,10,1,5,103,1,0,2,1,2,27,3,1,11,nnid
摚硑䑕楓䍲㥓䅑摁䍕䵃,73,73,0,4,5,6,10,10,6,23,3,1,10,1,5,84,3,11,3,0,2,14,3,1,11,nnid
䝨洹吶㑁佘扥䅑硁噬䅂,71,107,1,44,5,0,7,2,26,1,2,1,10,1,5,65,2,0,2,0,2,14,4,1,10,nnid
党坕啪瑈獍坃䅁䅁䉅䅱,71,103,1,57,5,0,7,2,24,1,2,26,11,7,5,81,2,0,2,1,18,16,2,3,12,nnid
䐴摍祘椷卯奸䅁杁ㄱ䅺,72,81,1,57,5,0,4,10,2,1,2,1,10,1,5,81,2,0,2,1,2,25,2,1,11,nnid
婇㘱䅵晍唰㔯䅧䅁䉅䅴,71,56,1,1,5,0,1,10,0,1,2,1,10,1,5,81,1,0,2,0,10,17,3,1,11,nnid
买摥睹睑䅙ぺ䅷䉁㥭䅘,71,107,1,51,5,0,7,10,21,1,2,1,10,1,5,65,2,0,2,0,2,14,4,1,10,nnid
卺癆䵷汒啁灏䅧呁剖䅱,71,85,1,40,5,0,7,10,4,1,2,19,11,7,5,103,2,0,2,1,2,12,2,1,12,nnid
㑷䩲䵋䝭呋全䅁硁汅䅺,71,69,1,45,5,0,8,10,19,1,2,25,11,4,5,81,2,0,2,0,18,18,3,1,12,nnid
㡑祺穥䑅ご㥑䅁⭁摆䅋,72,85,1,48,5,0,7,10,2,1,2,1,10,1,5,65,2,0,2,0,10,19,3,1,11,nnid
䝕杉呱㑁䅑䅴䅁呁丰䅏,71,69,1,53,5,0,7,10,2,1,2,26,11,1,5,103,2,0,2,0,2,13,2,1,10,nnid
洫奮椷扵卯坫䅷坁䙆䅫,71,69,0,44,5,0,1,10,0,1,2,1,10,1,5,65,2,0,2,1,18,19,2,1,10,nnid
奚焵䑅楓穭琯䅧煁硇䅅,71,69,0,53,5,0,8,10,21,1,2,1,10,1,5,103,2,0,2,0,2,14,3,1,11,nnid
㥘匫穰乭换癒䅑䅁䉕䅨,71,119,0,1,5,0,1,10,0,1,2,1,10,1,5,81,1,0,2,1,18,16,2,1,11,nnid
剥嘸⭡煸稵䭨䅷䅁剁䅅,71,107,1,53,5,0,7,10,10,1,2,1,10,1,5,119,2,0,2,0,2,28,3,1,12,nnid
⽒硔煭䥮捗呡䅁摁䙆䅇,71,56,1,43,5,0,7,10,23,1,2,1,10,1,5,103,2,0,2,0,2,14,4,1,12,nnid
㑇㡋積娷䡑䩆䅁䱁㥖䅳,71,107,1,39,5,0,7,2,24,1,2,20,11,7,1,65,1,0,2,1,18,16,2,1,11,nnid
䐰卵䅵晍䜫䡗䅑ㅁ䉫䅂,71,52,0,57,5,0,7,10,10,1,2,26,11,1,5,65,2,0,2,0,10,14,4,1,10,nnid
灂汫睹睑䥑摧䅑噁噅䅅,72,85,0,50,5,0,7,10,10,1,2,1,10,1,5,103,2,0,2,1,2,29,3,1,11,nnid
䉎敗稸娷䥥娰䅧䙁乕䅍,71,85,0,53,5,0,8,10,21,1,2,1,10,1,5,81,2,0,2,1,10,16,0,1,11,nnid
払橌坧爲汈坪䅑瑁氰䅴,71,69,1,1,5,0,5,10,2,1,2,6,10,1,5,81,1,0,2,0,26,28,3,1,12,nnid
穯㉄䅓瑌坎㉆䅑捁乇䅋,71,56,1,54,5,0,1,10,0,1,2,6,10,1,5,103,2,0,2,1,18,16,3,1,12,nnid
㡳䑇穯㙎䍂慶䅧楁久䅉,71,85,1,51,5,0,6,10,4,1,2,16,11,8,5,65,2,0,2,1,18,16,2,9,12,nnid
敥框睹睑⽘硯䅁杁灭䅎,72,73,0,21,5,0,5,2,28,1,2,15,10,15,5,103,2,0,2,0,18,18,2,6,10,nnid
塈佃共稴䕇奨䅧䥁㕭䅨,71,119,0,40,5,0,7,10,10,1,2,23,11,7,5,81,2,0,2,0,2,14,4,8,11,nnid
㐫啤升砱湧娵䅷牁則䅕,71,69,1,44,5,0,8,10,4,1,2,22,11,7,5,103,2,0,2,0,10,14,4,1,11,nnid
䅕獺智㕐祄祚䅑㝁䙭䵌,72,52,1,20,5,6,1,10,0,1,2,6,10,1,5,68,2,11,3,1,2,26,2,1,12,nnid
ㅳ破睓睑此佄䅷敁䉆䅩,71,85,1,1,5,0,8,10,21,1,2,1,10,1,5,103,1,0,2,0,2,14,4,1,10,nnid
是兓䅵晍呺䤵䅑牁桬䅳,72,85,1,40,5,0,7,2,26,1,2,1,10,1,5,103,2,0,2,0,2,14,4,1,11,nnid
䍮䕏䑫楓⭪硙䅁㑁乫䅎,71,69,0,48,4,0,7,10,19,1,2,19,9,1,5,65,2,0,2,1,26,29,2,1,11,nnid
び剤杨敱噸䩈䅑桁㉭䵩,80,119,1,53,4,6,1,10,0,1,2,6,10,1,5,122,3,11,3,1,2,28,3,1,12,nnid
牎婮穣娷楖䝩䅷祁䩫䅭,71,85,0,1,5,0,1,10,0,1,2,1,10,1,5,81,1,0,2,1,18,16,2,1,11,nnid
兴愱楊㘲兕䱄䅑䅁䉅䅂,69,52,0,19,5,0,6,10,21,1,2,16,11,7,5,119,2,0,2,1,10,21,2,1,11,nnid
㥎瘸㕒琴䰶猲䅑䕁䩫䅌,71,85,1,48,5,0,7,2,26,1,2,6,10,1,5,103,2,0,2,0,2,25,3,1,12,nnid
佯煸祈椷㍫乗䅧䅁䉇䵋,73,81,0,20,5,6,1,10,0,1,2,1,10,1,5,122,3,11,3,1,18,16,2,1,11,nnid
祳⽆卺䱶奅琹䅷硁匰䵉,70,99,1,20,5,6,1,10,0,1,2,1,10,1,5,68,3,11,3,0,2,29,3,1,10,nnid
䘶噊汘嘱歸其䅷歁ㅇ䅘,71,56,1,45,5,0,8,10,6,1,2,8,11,7,5,65,2,0,2,0,2,14,4,3,12,nnid
穤楔䅥晍〹㕫䅷煁䩬䅱,71,56,0,51,5,0,1,10,0,1,2,1,10,1,5,81,2,0,2,1,26,29,2,1,10,nnid
楈噍な㡆䥡啣䅁乁砱䵨,69,115,1,1,5,0,1,10,0,1,2,1,10,1,5,65,1,11,3,0,10,16,3,1,9,nnid
䑴発卪䱶癊止䅁㙁䩬䅫,72,65,1,57,5,0,7,10,27,1,2,1,10,1,5,81,2,0,2,0,2,14,4,1,12,nnid
㡹㉮穯㙎材浵䅁ㅁ䡫䵉,78,56,0,44,5,6,11,10,12,23,3,1,10,1,5,106,4,11,3,0,2,14,4,1,11,nnid
眷䠫圯䠲㝤潂䅑畁䩂䅋,71,69,1,1,5,0,1,10,0,1,2,1,10,1,5,81,1,0,2,0,10,14,4,1,12,nnid
䵴奔穙㙎捈ぱ䅑橁桖䵖,69,56,0,1,5,0,1,10,0,1,2,1,10,1,5,84,1,11,3,1,18,16,2,1,10,nnid
㍌硧昷㉱捣癩䅷䉁瑖䅂,72,77,1,51,5,0,7,10,10,1,2,1,10,1,5,65,2,0,2,0,26,27,2,1,12,nnid
⽄䥣卺䱶㙐佳䅁呁氰䅎,71,69,0,58,5,0,3,10,0,1,2,19,11,7,5,81,2,0,2,0,10,17,3,11,11,nnid
獆牳ㄫ瑈圴猯䅧䅁桇䅌,71,85,1,45,5,0,1,10,0,1,2,6,10,1,5,81,2,0,2,1,18,16,0,1,12,nnid
䴹畺穊乭坦杮䅁楁䉕䅳,71,56,1,51,5,0,7,2,28,1,2,16,9,7,5,81,2,0,2,0,2,14,4,4,10,nnid
㍃㕌楲扵佨剴䅑䝁塆䵗,79,115,0,1,5,0,1,10,0,1,2,1,10,1,5,68,1,11,3,0,10,21,1,1,11,nnid
睍晰乕塭湡呫䅷噁摆䅭,71,119,1,51,5,0,7,10,10,1,2,16,9,4,5,103,2,0,2,1,18,18,2,1,12,nnid
坫ㅩ祮椷扫扭䅷流㥇䅩,71,56,0,54,5,0,8,10,23,1,2,18,11,8,5,119,2,0,2,1,26,27,2,1,11,nnid
㥺牚楲扵汯瑷䅁䉁乇䅌,71,85,1,40,5,0,7,2,26,1,2,1,10,1,5,103,2,0,2,0,2,14,4,1,11,nnid
祚㍱楰㘲㍘橭䅧硁䩫䄶,71,85,1,54,5,0,1,10,0,1,2,1,10,1,5,103,2,0,2,0,10,14,4,1,11,nnid
㉕焯汹䑏全㑡䅑潁婬䄰,71,77,1,49,4,0,8,10,6,1,2,12,11,7,5,103,2,0,2,0,2,14,4,1,12,nnid
塸べ卪䱶捅㡗䅁ぁ汭䅋,71,103,0,53,5,0,7,10,2,1,2,8,11,7,1,119,2,0,2,0,18,22,3,1,11,nnid
䩪楥倹兂湷猱䅧䅁䉅䅋,71,69,1,44,5,0,1,10,0,1,2,6,10,1,5,119,2,0,2,0,2,27,4,1,12,nnid
塋乆㝚啒乕穣䅧畁剆䅺,71,103,1,53,5,0,7,10,6,1,2,8,11,7,1,81,2,0,2,1,10,16,0,1,12,nnid
䭗摹䥩㙕全瀸䅁䅁䉅䵰,73,107,1,20,5,6,1,10,0,1,2,6,10,1,5,106,3,11,3,1,18,16,2,1,12,nnid
慅坢歖䭩灁扬䅑剁乫䅮,72,73,1,54,4,0,8,10,23,1,2,22,11,8,5,81,2,0,2,1,18,16,2,1,12,nnid
奍䩍穳娷晘杲䅑杁㌰䵁,75,81,1,6,5,6,10,10,6,23,3,1,10,1,5,84,3,11,3,1,18,16,0,1,11,nnid
噋癗啶噈浇杓䅑䭁汬䅱,71,69,1,55,5,0,7,10,10,1,2,1,10,1,5,119,2,0,2,1,18,16,2,1,12,nnid
㠷瑡稵乭ㅦ捺䅑呁摬䅴,71,85,0,40,5,0,8,10,0,1,2,22,11,7,1,119,2,0,2,0,18,19,4,11,10,nnid
眹坬吶㑁䵑剢䅷奁噬䅋,70,65,0,1,5,0,1,10,0,1,2,1,10,1,5,65,1,0,2,1,10,14,2,1,10,nnid
睚䵒佁㔵摨空䅑䩁剂䅅,71,69,1,43,5,0,8,10,21,1,2,6,10,1,5,65,2,0,2,0,10,14,4,1,12,nnid
印娯歲伸䝋剭䅁䅁䉅䴴,72,103,1,52,4,6,1,10,0,1,2,6,10,1,5,68,2,11,3,1,18,16,2,1,12,nnid
确千䑕楓剰条䅁䅁䉅䅎,69,111,1,2,5,0,7,10,27,1,2,8,11,7,5,81,2,0,2,1,18,16,2,9,11,nnid
晐敒䉃婴穲䝧䅷橁䘰䅌,71,107,1,41,5,0,7,10,10,1,2,19,11,8,5,81,2,0,2,0,2,14,4,1,12,nnid
⭕䉱猸捷䵶㕈䅑䅁框䅔,72,81,1,50,4,0,7,10,10,1,2,1,10,1,5,81,2,0,2,1,2,27,2,1,12,nnid
ㅏ睌ㅋ䱷晦䴵䅷捁䉖䅍,70,85,1,10,5,0,1,10,0,1,2,6,10,1,5,65,2,0,2,1,18,16,2,1,12,nnid
則䠵卄儷䡬䍎䅷畁剅䅄,71,69,1,51,5,0,7,2,28,1,2,8,11,1,5,103,2,0,2,0,26,29,3,1,12,nnid
摭䱎坆佬敒求䅁楁灆䅢,70,77,1,5,5,0,6,2,24,1,2,26,10,5,1,119,2,0,2,0,10,17,3,1,12,nnid
穴㉪椷扵坱佐䅷㝁䩫䵹,73,48,0,1,5,0,1,10,0,1,2,1,10,1,5,65,1,11,3,1,18,16,2,1,10,nnid
䱴婑椷扵㉮奃䅑䅁䅅䅸,65,65,0,1,5,0,1,10,0,1,2,1,10,1,5,65,1,0,2,1,18,16,2,1,10,nnid
㍳漱穙㙎住穓䅁灁䉅䅨,71,119,1,52,4,0,3,10,0,1,2,17,9,7,5,81,2,0,2,1,2,14,2,1,12,nnid
䜴景楚㘲牤ざ䅑䉁噆䅎,71,69,0,48,4,0,1,10,0,1,2,1,10,1,5,65,2,0,2,1,26,24,2,1,11,nnid
桍歬睩睑奒䱈䅁穁剕䅈,71,107,0,51,5,0,7,10,21,1,2,1,10,1,5,81,2,0,2,0,2,14,1,1,11,nnid
歑獚⽐卍祇浪䅁煁䩫䅶,71,48,1,57,5,0,7,10,21,1,2,6,10,1,5,81,2,0,2,1,18,16,2,1,12,nnid
䩥框睩睑䅙㑋䅷十瑅䵦,70,69,1,4,5,6,10,10,6,23,3,20,10,8,1,84,3,11,3,0,2,14,4,1,10,nnid
歔䉋呱㑁套㡭䅑䍁䩇䅋,69,69,1,33,5,0,1,10,0,1,2,1,10,1,5,103,2,0,2,1,10,20,3,1,10,nnid
な䵊睃睑䑙䄱䅧祁婬䵎,70,115,1,1,5,0,1,10,0,1,2,1,10,1,5,84,1,11,3,1,18,16,2,1,10,nnid
䍡䉰癰㑥䘲剓䅧摁㤱䵶,69,56,1,5,5,6,1,10,0,1,2,6,10,1,5,106,2,11,3,1,18,16,2,1,12,nnid
剌批礳椷㙪匷䅁䅁䉕䅳,71,103,0,51,4,0,7,2,28,1,2,21,9,8,5,65,1,0,2,1,18,16,2,1,11,nnid
䙥䉵卪䱶䑍穁䅷㝁汇䵚,80,119,1,4,5,6,10,10,6,23,3,1,10,1,5,84,3,11,3,0,2,14,4,1,10,nnid
牡止䑅楓佯煫䅧坁ㅅ䅃,71,69,1,48,4,0,7,10,21,1,2,8,11,8,5,119,2,0,2,1,18,16,2,1,11,nnid
㔷挰穊乭㡤煒䅷桁䩆䅏,71,107,1,44,5,0,1,10,0,1,2,1,10,1,5,119,2,0,2,0,26,26,2,1,10,nnid
瑋⽪睓睑癑㙴䅧䝁䩗䅎,72,85,0,50,5,0,7,10,21,1,2,1,10,1,5,119,2,0,2,0,2,26,3,1,11,nnid
堶留湇䡢祤䕚䅑㝁栰䵉,73,111,1,1,5,0,5,10,2,1,2,6,10,1,5,122,1,11,3,1,10,14,2,1,12,nnid
畏浶穣娷㉒慢䅷䅁䉅䅆,72,89,1,53,5,0,1,10,0,1,2,1,10,1,5,81,2,0,2,0,2,14,4,1,11,nnid
捎㙥楢㝋啌湔䅧捁䙬䅳,71,107,0,52,5,0,1,10,0,1,2,1,10,1,5,81,2,0,2,1,18,16,2,1,11,nnid
䕰硷祮椷䅴䥚䅷坁㕇䵅,71,81,1,1,5,0,1,10,0,1,2,1,10,1,5,84,1,11,3,1,18,16,2,1,11,nnid
奋䭚礳椷橯䡔䅑䱁噬䅰,71,81,1,48,5,0,8,10,6,1,2,26,11,8,5,103,2,0,2,0,10,14,3,1,10,nnid
焸坦䉦〷㥸䵢䅁杁剬䅳,71,56,1,40,5,0,7,2,26,1,2,6,10,1,5,119,2,0,2,0,18,21,3,1,12,nnid
䩭㄰砯瀵捒末䅷祁䙫䅱,71,69,1,54,5,0,7,2,26,1,2,6,10,1,5,119,2,0,2,1,18,16,2,1,12,nnid
煰噦祈椷䉮䵂䅑穁桅䅷,71,69,1,51,5,0,7,2,28,1,2,1,10,1,5,103,2,0,2,0,2,14,4,1,11,nnid
⭖㕓呱㑁䍘噒䅷潁㕭䅆,71,69,1,1,5,0,1,10,0,1,2,1,10,1,5,103,1,0,2,0,2,14,4,1,10,nnid
⼰慐穉㙎材〲䅧呁汬䵌,69,81,1,1,5,0,8,10,27,23,3,1,10,1,5,68,1,11,3,1,2,13,3,1,10,nnid
晉煵穰乭汥い䅁䑁灬䅺,71,107,1,54,5,0,7,2,26,1,2,1,10,1,5,81,2,0,2,0,2,29,3,1,11,nnid
乐䔱䑓睬渶何䅑允硭䅷,71,56,1,48,4,0,7,10,21,1,2,26,11,1,5,119,2,0,2,1,18,16,2,1,12,nnid
獈歺瑤䡃挲㑺䅷䅁剂䅱,71,69,1,54,5,0,7,10,4,1,2,1,10,1,5,119,2,0,2,1,10,17,2,1,12,nnid
琴呣祮椷敮睇䅁畁䙕䅓,69,85,0,1,5,0,7,2,24,1,2,25,11,7,5,65,1,0,2,1,26,29,2,1,11,nnid
坓橥㉣祘栲煒䅁䅁桒䅶,72,73,1,46,5,0,7,10,21,1,2,1,10,1,5,81,2,0,2,1,2,13,3,1,12,nnid
何汁穣娷剘敂䅷ぁ桖䅴,71,119,0,51,5,0,7,10,23,13,3,1,10,1,5,119,2,0,2,1,18,19,2,1,11,nnid
ㄷ共穰乭䭤畂䅁慁㔱䅰,71,52,0,58,5,0,1,10,0,1,2,1,10,1,5,81,2,0,2,1,18,16,2,1,10,nnid
䈱灢兑ㅄ噧杤䅧䅁䉗䴯,80,119,0,1,5,0,1,10,0,1,2,1,10,1,5,65,1,11,3,1,18,19,2,1,11,nnid
祤灋呋㑁㕤㜶䅧慁琱䅄,72,107,0,53,5,0,1,10,0,1,2,1,10,1,5,81,2,0,2,1,2,14,2,1,10,nnid
卭礸睃睑奙甹䅑佁久䅨,71,119,1,50,5,0,2,2,26,9,3,1,10,1,5,119,2,0,2,0,26,25,3,1,11,nnid
䭉䄶稸娷杓楰䅑䅁䉕䅃,71,119,1,42,5,0,7,10,25,1,2,16,11,7,5,81,2,0,2,1,18,16,2,3,11,nnid
丱牐卺䱶穐則䅑呁乫䅩,67,48,1,51,5,0,7,10,27,1,2,1,10,1,5,81,2,0,2,0,10,14,3,1,10,nnid
啬穃䑫䈰㥹瀹䅁瑁扬䵒,78,69,1,1,5,0,1,10,0,1,2,1,10,1,5,65,1,11,3,0,10,14,4,1,10,nnid
㝃敕歈䍭癩煵䅑㑁㤱䅨,72,107,1,48,5,0,7,2,26,1,2,22,9,6,1,65,2,0,2,0,2,14,4,1,12,nnid
䑚䉣䄳䕚硈䍈䅁䵁婂䅓,71,56,1,57,5,0,7,10,21,1,2,17,9,7,5,65,2,0,2,1,18,16,2,1,12,nnid
癙噃吶㑁瑚ㅅ䅧䅁䉗䵘,69,119,1,1,5,0,10,10,6,23,3,20,10,1,5,84,1,11,3,1,10,21,2,1,10,nnid
㙩䡎扬剃刲戫䅁煁摬䅳,71,69,1,44,5,0,5,10,8,1,2,14,11,4,5,119,2,0,2,0,2,25,3,1,12,nnid
瑶硅祮椷䙴慪䅑祁䙅䅔,71,69,0,49,4,0,8,10,4,1,2,16,11,1,5,119,2,0,2,0,2,14,4,1,11,nnid
㡷䍅祈椷䥴漹䅑扁䉫䅕,72,107,1,44,5,0,8,10,4,1,2,1,10,1,5,65,2,0,2,1,18,16,2,1,11,nnid
㡇扚楌扵杴漶䅧ㅁ汅䵤,73,107,0,2,5,6,1,10,0,1,2,1,10,1,5,106,3,11,3,1,18,16,2,1,11,nnid
䕳婢呡㑁ㅤ坉䅷婁㕇䅎,72,73,1,40,5,0,8,10,10,1,2,20,9,1,5,65,2,0,2,0,10,14,4,1,10,nnid
䅌䩑畋呏㥵瑚䅧牁婬䅆,69,107,1,48,5,0,1,10,0,1,2,6,10,1,5,65,2,0,2,1,26,24,3,1,12,nnid
⭚潏䄲㥫䅫䝘䅷䍁乨䅺,71,77,1,49,4,0,8,10,4,1,2,10,11,7,5,65,2,0,2,0,2,13,4,1,12,nnid
奲⼱ㄯ敚兑潤䅑乁灩䅷,71,107,1,51,5,0,7,2,28,1,2,6,10,1,5,65,2,0,2,1,18,16,2,1,12,nnid
噌䑱䑅䈰欳潍䅁䑁ㄱ䵱,71,52,1,1,5,0,1,10,0,1,2,1,10,1,5,122,1,11,3,1,10,12,1,1,11,nnid
嘲㝯䐰䈰䄫㙋䅧䅁桖䅔,71,69,1,47,5,0,7,10,21,1,2,1,10,1,5,65,2,0,2,1,18,20,3,1,10,nnid
奙呗硴㙯䘰噖䅷敁婅䅵,71,107,1,54,5,0,1,10,0,1,2,22,9,7,1,119,2,0,2,1,2,14,1,2,10,nnid
䭴桴協䱶䉍䩳䅁䉁火䵶,73,115,1,1,5,0,1,10,0,1,2,1,10,1,5,84,1,11,3,1,10,14,1,1,10,nnid
佴橉䑫䈰敺㙉䅑捁䍫䵇,69,89,0,5,5,6,1,10,0,1,2,1,10,1,5,122,2,11,3,1,18,16,2,1,11,nnid
䄸⭫歅㔲䑥㙔䅷十ㅭ䅫,71,69,1,44,5,0,7,2,26,1,2,6,10,1,5,81,2,0,2,0,2,27,3,1,12,nnid
捹䑇睓睑䕤挶䅷㉁久䅍,71,107,1,21,5,0,7,10,2,1,2,20,10,1,5,65,2,0,2,0,26,28,2,1,10,nnid
㝋塤塊癇䕈椱䅁䅁䅅䅧,67,65,1,48,5,0,7,10,27,1,2,26,11,1,5,119,2,0,2,0,10,14,4,1,12,nnid
䍡兔䑅楓湳䅶䅷䅁䍅䵋,73,99,1,5,5,6,1,10,0,1,2,1,10,1,5,106,3,11,3,1,18,16,2,1,11,nnid
㥅慎楢扵味積䅷穁瑕䵅,73,48,1,4,5,6,10,10,6,23,3,1,10,1,5,84,3,11,3,1,18,16,2,1,11,nnid
睖欷呋㑁䑥䅮䅑䩁䩕䅪,71,56,1,57,5,0,8,10,8,1,2,1,10,1,5,81,2,0,2,0,26,25,3,1,11,nnid
甶㉱椷扵䝨䩖䅷㝁婬䅎,71,77,1,44,5,0,7,10,2,1,2,19,11,4,5,103,2,0,2,1,18,16,2,10,10,nnid
桔瑃祣䅥⽏甸䅁灁乫䅹,71,56,1,58,5,0,1,10,0,1,2,1,10,1,5,81,2,0,2,1,18,16,2,1,11,nnid
坙婳南砱睶摣䅧䭁䩫䅑,71,56,1,44,5,0,7,2,24,1,2,21,11,5,5,119,2,0,2,1,18,16,2,11,11,nnid
兡千癢慧㙲䭁䅑䅁䉆䅓,72,107,1,53,5,0,1,10,0,1,2,6,10,1,5,81,2,0,2,0,2,26,3,1,12,nnid
慡挫積娷噘杴䅷汁䍅䵍,74,77,0,1,5,0,1,10,0,1,2,1,10,1,5,65,1,11,3,1,10,16,0,1,11,nnid
噣琵洴䥲䉷但䅧牁摫䅋,71,69,1,50,5,0,8,10,6,1,2,21,11,1,5,119,2,0,2,1,18,18,3,1,12,nnid
癦楇䱣爴奩䠹䅷捁娱䅓,69,56,1,19,5,0,5,2,28,1,2,1,10,1,5,119,2,0,2,1,10,17,3,1,12,nnid
䡈潒匲砱歭眰䅷桁剅䅭,72,73,0,54,4,0,8,10,23,1,2,12,11,1,5,81,2,0,2,1,18,16,2,1,11,nnid
奔根吶㑁煗䱑䅁䅁硅䅨,71,69,1,40,5,0,7,2,26,1,2,7,11,1,5,103,2,0,2,0,10,21,1,1,10,nnid
㑡告噉浴敇捯䅷ㅁ砱䵹,73,103,1,14,5,6,10,10,6,23,3,25,11,9,1,106,2,11,3,0,26,29,1,12,12,nnid
䤳煱㡍搳⭄䑮䅁䩁䍅䵅,80,119,1,5,5,6,8,2,26,23,3,6,10,1,5,106,3,11,3,1,18,16,2,1,12,nnid
偰却祈椷坫ㄱ䅑䅁䉅䅨,71,52,0,40,5,0,1,10,0,1,2,1,10,1,5,103,2,0,2,1,18,16,2,1,11,nnid
䩈橷䐰䈰丰㝉䅁佁久䅅,71,69,0,48,5,0,3,10,6,1,2,16,10,6,5,103,2,0,2,0,10,14,3,1,11,nnid
灒先吶㑁汗佄䅑硁灆䵶,73,115,1,1,5,0,1,10,0,1,2,1,10,1,5,84,1,11,3,0,10,17,3,1,10,nnid
稸偎椷扵慴敢䅁婁䩗䵃,73,81,0,1,5,0,1,2,4,15,1,1,10,1,5,84,1,11,3,0,10,12,3,1,10,nnid
㍣啲睹睑扒䵦䅧䥁剬䵘,73,99,1,38,5,6,1,10,0,1,2,1,10,1,5,106,2,11,3,1,2,30,2,1,10,nnid
䙐奁祈椷歨び䅷捁栲䅺,71,107,1,48,5,0,1,10,0,1,2,1,10,1,5,119,2,0,2,0,10,14,4,1,10,nnid
潄䭯桤㥲䡹乔䅧䅁䉆䅏,71,56,1,47,5,0,1,10,0,1,2,1,10,1,5,81,2,0,2,0,26,28,3,1,11,nnid
浌偉来塐䉑㑲䅁呁商䅷,68,107,1,2,5,0,6,10,8,1,2,2,10,5,5,65,2,0,2,0,18,21,3,1,12,nnid
偺⽰䐰䈰㡸䤫䅷㑁乫䅑,71,85,0,55,5,0,7,10,21,1,2,1,10,1,5,103,2,0,2,1,10,12,1,1,10,nnid
汯晲渳瑹橁呮䅁䅁䉅䅅,71,111,1,15,5,0,5,10,2,1,2,6,10,1,5,65,2,0,2,1,26,24,3,1,12,nnid
㥋乺積娷䱓䙤䅑䩁瑆䅲,71,107,0,1,5,0,1,10,0,1,2,1,10,1,5,119,1,0,2,0,10,14,4,1,11,nnid
䙔噰䥰电敘歆䅁㕁㄰䅉,71,56,1,51,5,0,8,10,21,1,2,6,10,1,5,65,2,0,2,1,2,28,2,1,12,nnid
祤⭅呱㑁偗㡔䅧䉁婅䅫,71,56,0,48,5,0,1,10,0,1,2,25,11,8,5,81,2,0,2,0,2,14,4,1,10,nnid
楂啲楢扵奵歆䅷䭁乫䅄,71,103,0,53,5,0,7,10,17,1,2,1,10,1,5,81,2,0,2,1,2,14,1,1,11,nnid
⭊奥䥩㙊敨睍䅑ㅁ剬䅏,71,107,1,50,5,0,1,10,0,1,2,6,10,1,5,119,2,0,2,0,2,26,4,1,12,nnid
兮坐䐰䈰䥹楴䅁䅁剆䅬,71,89,1,1,5,0,1,10,0,1,2,1,10,1,5,65,1,0,2,1,18,16,2,1,10,nnid
㥙洸睩睑㝣佂䅑䍁瀱䅓,71,56,1,57,5,0,7,2,28,1,2,1,10,1,5,119,2,0,2,0,2,29,3,1,11,nnid
㜷穊杨敱㌲樳䅁䵁剬䅐,72,73,0,54,4,0,7,2,28,1,2,14,11,7,5,81,2,0,2,0,2,14,4,1,10,nnid
䭥䅯䑅䈰搹䉅䅷畁摆䅪,71,69,1,58,5,0,7,2,28,1,2,1,10,1,5,103,2,0,2,0,26,27,4,1,10,nnid
ㅳ慧卄䱶煐⭉䅧㕁䉕䵔,70,99,1,20,5,6,1,10,0,23,3,11,9,5,5,106,3,11,3,1,2,12,1,15,10,nnid
䑰唲灁捭杯䩶䅧啁瑬䅴,71,69,1,48,5,0,8,10,8,1,2,1,10,1,5,65,2,0,2,1,18,19,1,1,12,nnid
䡴坩祘椷慶積䅧䅁䉅䵦,71,77,1,4,5,6,10,10,6,23,3,1,10,1,5,84,3,11,3,1,18,16,2,1,11,nnid
佴㝪杨敱䈵䑄䅑摁剒䵎,71,107,1,1,5,0,1,10,0,1,2,1,10,1,5,65,1,11,3,0,2,27,2,1,12,nnid
⬷甹㑖何浯歄䅧瑁瑫䵧,69,81,1,4,5,6,10,10,6,23,3,6,10,1,5,84,3,11,3,1,10,18,2,1,12,nnid
⽚楰㉹ㅴ汊䕳䅑㡁剆䅓,70,107,1,7,1,5,7,11,10,13,3,6,10,1,5,81,1,0,2,1,10,18,3,1,12,nnid
㥋半啙䍯乇則䅁硁䈲䅋,71,85,1,53,5,0,7,10,21,1,2,6,10,1,5,103,2,0,2,1,18,16,2,1,12,nnid
婧塈啩乂湃䕕䅧䕁䙅䅅,71,56,1,53,5,0,8,10,21,1,2,6,10,1,5,103,2,0,2,1,18,16,2,1,12,nnid
橯㍘䩂獆䱔硨䅁敁硇䅮,71,56,1,45,5,0,8,10,0,1,2,22,11,1,5,65,2,0,2,0,10,14,4,1,12,nnid
㝙然祍䅥敐䕉䅁䭁䉇䅐,71,119,0,48,4,0,7,10,10,1,2,17,9,8,5,81,2,0,2,0,10,19,4,1,10,nnid
㡲硰卄䱶楐䩱䅧䅁框䅂,71,52,1,47,5,0,7,2,28,1,2,21,9,1,5,65,2,0,2,1,10,16,2,1,11,nnid
㉕䰲睔䌸癯睡䅧䅁硅䅏,71,107,1,50,5,0,1,10,0,1,2,6,10,1,5,119,2,0,2,0,10,14,4,1,12,nnid
䭓㌫稵乭䝦栲䅷䅁䉅䵎,65,65,1,1,5,0,1,10,0,1,2,1,10,1,5,65,1,0,2,1,18,16,2,1,11,nnid
㙄䱘穉㙎湐き䅧瑁㥭䵌,70,111,0,1,5,0,1,10,0,1,2,1,10,1,5,65,1,11,3,0,10,14,3,1,11,nnid
つ㍒睹睑湑⽔䅧ㅁ慆䵋,73,85,1,25,5,6,1,10,0,1,2,1,10,1,5,106,2,11,3,1,18,16,2,1,10,nnid
䜵牲楲扵㝧ぃ䅧䩁婬䵱,69,115,0,1,5,0,1,10,0,1,2,1,10,1,5,106,1,11,3,1,18,16,2,1,10,nnid
祘䵕䕳牫牸捣䅑流䝇䴹,77,115,1,54,5,6,6,10,10,23,3,1,10,5,5,122,3,11,3,1,10,19,2,4,12,nnid
䉰扎祈椷歯剸䅧䅁硇䅂,71,81,0,54,5,0,7,10,6,1,2,13,10,7,5,65,2,0,2,1,18,16,2,1,11,nnid
⽯䡒祈椷䥳浶䅷䥁汭䴶,80,119,1,56,4,6,16,10,27,23,3,24,9,16,5,68,4,11,3,1,19,16,11,2,11,nnid
偹穖稴㙎奎坰䅷䅁硇䅮,71,69,1,44,5,0,1,10,0,1,2,1,10,1,5,103,2,0,2,1,18,16,2,1,11,nnid
倲䙵稵乭䕦奲䅁畁久䅴,71,56,0,55,5,0,7,10,19,1,2,1,10,1,5,103,2,0,2,0,26,24,4,1,11,nnid
䡎兩瑶煨书批䅁灁桇䵦,69,115,1,1,5,0,5,10,2,1,2,6,10,1,5,122,1,11,3,1,18,16,2,1,12,nnid
扫敕獰瑙橙伱䅧牁⭬䵋,74,77,1,11,5,6,9,10,21,23,3,24,11,10,5,68,3,11,3,1,10,16,0,1,12,nnid
㔷朸呡㑁乢⭪䅧䍁䩕䅲,71,69,1,53,4,0,1,10,0,1,2,1,10,1,5,81,2,0,2,1,18,16,2,1,10,nnid
穤㍤呱㑁し湯䅧䍁㕭䅨,71,119,1,52,4,0,1,10,0,1,2,1,10,1,5,81,2,0,2,0,10,22,3,1,10,nnid
㑳䉑杨敱啸⽂䅁䅁剆䵃,70,48,1,7,5,6,9,10,19,23,3,19,10,49,0,68,2,11,3,0,25,27,8,3,12,nnid
桴䕲楖漹灹爳䅑䑁䙕䅏,71,69,1,51,5,0,2,10,6,7,3,15,11,7,5,65,2,0,2,0,18,17,3,1,10,nnid
硐慅楢扵䱯儸䅷十㑗䩆,107,48,0,43,5,0,7,2,26,1,2,14,11,7,5,81,2,0,2,0,27,26,5,7,11,nnid
楓歷㍦楯䅱刱䅑啁剆䵦,69,111,1,38,5,6,10,10,4,23,3,11,10,6,5,122,2,11,3,1,18,21,3,1,12,nnid
㥥䱄桔㥈⭇灗䅑䅁䍅䵂,71,52,1,10,5,6,6,10,4,23,3,1,10,1,5,122,3,11,3,1,18,16,2,1,12,nnid
偓䥶婉䅂䵬畕䅁㉁噆䅔,72,65,1,40,5,0,8,10,8,1,2,8,11,7,1,65,2,0,2,1,18,16,2,1,12,nnid
漶愸楲扵捧⭸䅧婁䘱䅎,71,56,0,50,5,0,7,10,10,1,2,25,11,1,5,103,2,0,2,1,2,30,2,1,10,nnid
㉫䡢䐰楓兰牒䅷䩁䉆䅪,71,56,0,53,5,0,7,10,19,1,2,12,11,8,5,119,2,0,2,0,10,12,3,5,11,nnid
㌶㈫穚乭畣㐯䅁穁䈰䅃,71,56,1,50,5,0,7,10,25,1,2,18,11,7,5,81,2,0,2,0,2,27,2,6,10,nnid
摍㍱積娷㍤獳䅑䅁䉅䴵,70,99,1,1,5,0,1,10,0,1,2,1,10,1,5,65,1,11,3,0,2,14,4,1,11,nnid
䉴测䐰䈰䈷塓䅑慁䙕䅆,71,119,1,58,5,0,7,10,10,1,2,8,11,8,5,81,2,0,2,0,26,28,3,1,10,nnid
㠷㙂眷婦晇手䅁煁摬䅪,72,73,1,44,5,0,8,10,0,1,2,1,10,1,5,81,2,0,2,1,18,16,0,1,12,nnid
匴倳䑫䈰䜱流䅁潁䈰䅂,71,119,0,53,5,0,7,2,26,1,2,1,10,7,1,81,2,0,2,0,27,25,6,7,10,nnid
䍴瑬䑫䈰洹䴳䅑乁㕇䅋,72,85,1,48,5,0,7,2,28,1,2,1,10,1,5,103,2,0,2,1,10,17,3,1,10,nnid
䝥啪祘椷楨奲䅧䕁瑬䅍,71,85,1,53,5,0,1,10,0,1,2,1,10,1,5,119,2,0,2,1,10,18,3,1,11,nnid
㍰猲〴煱ㅹ䥋䅑䅁䉅䅲,71,85,1,48,5,0,7,2,26,1,2,6,10,1,5,103,2,0,2,1,18,16,2,1,12,nnid
瀸畋祈椷䵧兢䅧瑁䉭䅎,71,107,1,44,5,0,8,10,21,1,2,1,10,1,5,119,2,0,2,1,18,16,2,1,11,nnid
䤯䱉楲扵奶匵䅷噁框䅍,70,85,1,2,5,0,6,10,6,1,2,1,10,1,5,119,2,0,2,0,2,12,3,1,10,nnid
全兯䑫楓癳穢䅷䱁久䴯,73,107,1,14,5,0,5,10,21,1,2,2,10,4,5,122,2,11,3,0,18,16,4,12,11,nnid
䜴塐允ㅄ㝭晉䅑允䈲䅰,72,89,0,53,5,0,7,10,2,1,2,1,10,1,5,81,2,0,2,1,18,16,2,1,11,nnid
楥ㅷ䑅楓㥩䅏䅷噁婬䅎,71,69,0,1,5,0,1,10,0,1,2,1,10,1,5,65,1,0,2,0,2,14,4,1,11,nnid
摇㜳捸煵䌰捁䅧䅁䉅䅴,71,107,1,48,5,0,7,2,24,1,2,20,9,1,5,103,2,0,2,1,18,16,2,1,12,nnid
䭈橅䥙㍂䩆湔䅧䭁灂䅭,71,69,1,48,5,0,7,2,26,1,2,1,10,1,5,103,2,0,2,1,18,16,2,1,12,nnid
䤱佚灓⽯嘷剬䅷䑁䩫䵙,73,85,1,5,5,6,1,10,0,1,2,6,10,1,5,122,3,11,3,1,26,27,1,1,12,nnid
樰嘯穙㙎煈癘䅑橁剬䅪,71,103,0,58,5,0,7,10,10,1,2,16,9,1,5,81,2,0,2,0,10,16,1,1,10,nnid
塋吸積娷汓硡䅧㥁硭䅋,71,107,1,52,5,0,8,10,21,1,2,1,10,1,5,81,2,0,2,0,10,13,2,1,11,nnid
䝚琸桎㥲浹灎䅷硁汬䅨,71,81,1,48,5,0,7,10,2,1,2,1,10,1,5,103,2,0,2,1,26,29,2,1,10,nnid
㕳奵卪䱶呃橐䅁坁噕䅎,72,85,1,58,5,0,1,10,0,1,2,6,10,1,5,119,2,0,2,1,10,17,2,1,12,nnid
㜷呆䝢獰瑢祗䅧ㅁ䙅䅐,72,77,1,54,5,0,3,10,0,1,2,20,9,1,5,119,2,0,2,0,18,18,3,8,12,nnid
啕晰潗卮牒䥔䅁祁剆䅐,71,99,1,48,5,0,8,10,8,1,2,1,10,1,5,103,2,0,2,0,10,14,4,1,12,nnid
⽣呱圷㈱㜳䡶䅧䅁䉅䵌,73,69,1,15,5,0,5,10,2,1,2,6,10,1,5,65,2,11,3,1,18,16,2,1,12,nnid
捩猯硴㙯㔵䱖䅧㙁㔱䅨,71,81,0,48,5,0,1,10,0,1,2,1,10,1,5,103,2,0,2,0,2,12,3,1,11,nnid
㙄㉵穊乭佥浄䅁瑁ㅖ䅌,71,69,1,44,5,0,7,2,26,1,2,1,10,1,5,103,2,0,2,0,2,25,2,1,11,nnid
女穕協䱶桏伹䅧䥁桭䅨,72,85,1,48,4,0,7,10,21,1,2,1,10,1,5,119,2,0,2,0,2,14,4,1,10,nnid
桰奨祘椷䵴睭䅷硁汫䵦,69,56,1,1,5,0,1,10,0,1,2,1,10,1,5,106,1,11,3,1,2,13,0,1,11,nnid
獒兲扏䵋甸䈹䅑瑁汫䅩,71,85,1,58,5,0,8,10,8,1,2,6,10,1,5,81,2,0,2,1,2,30,3,1,12,nnid
偌漹祈椷䙩㥑䅷䑁瑫䅴,71,107,0,54,5,0,4,10,4,1,2,23,11,1,5,81,2,0,2,0,10,17,3,1,11,nnid
剷〹楇䭕䕏晃䅁䅁䉓䄰,71,56,1,58,5,0,7,10,19,1,2,25,11,7,5,65,2,0,2,1,18,16,2,1,12,nnid
攸㉃稴㙎㉈洹䅷灁㄰䵔,73,73,0,55,4,6,13,10,21,4,2,16,11,1,5,65,4,11,3,0,26,28,2,4,10,nnid
啵㝄䐰䈰眳䕚䅁摁摆䅕,69,115,0,1,5,0,1,10,0,1,2,1,10,1,5,119,1,0,2,0,10,22,3,1,10,nnid
健䵇祘椷㕪㕲䅑䩁䉕䅇,71,107,0,57,5,0,7,10,10,1,2,19,11,7,5,119,2,0,2,0,26,28,3,1,11,nnid
奌䕃穚乭偤ぐ䅧䅁硇䅴,71,69,0,48,5,0,7,2,24,1,2,19,11,7,5,65,2,0,2,0,10,14,4,5,11,nnid
㠷䑐穉㙎䭁偧䅁乁桭䅫,71,89,1,53,5,0,7,10,25,1,2,6,10,1,5,81,2,0,2,0,10,14,4,1,12,nnid
䭅䕶硎㙯欯失䅁㡁䩫䄵,72,85,1,54,5,0,1,10,0,1,2,1,10,1,5,119,2,0,2,1,18,16,2,1,11,nnid
椶䥱穉㙎歐䕐䅷䅁䉇䅅,71,56,1,46,5,0,1,10,0,1,2,1,10,1,5,81,2,0,2,1,18,16,2,1,10,nnid
㘷㑮㝧䍇扗汪䅑㡁硕䅎,71,69,1,53,4,0,1,10,0,1,2,6,10,1,5,103,2,0,2,1,18,16,2,1,12,nnid
摋㉒稸娷䡒䅤䅑硁噆䅔,71,52,1,50,5,0,7,10,10,1,2,1,10,1,5,81,2,0,2,1,10,20,3,1,11,nnid
䥎晬歗䉬䅦㍇䅧䅁硃䅱,71,56,1,53,5,0,1,10,0,1,2,6,10,1,5,65,2,0,2,0,18,19,3,1,12,nnid
剨扰橦㡗㉶呯䅧䅁䍅䵷,79,48,1,55,4,6,5,10,4,1,2,22,11,15,1,68,4,11,3,1,18,16,2,1,12,nnid
䩌䕈湇ㅡ欰で䅧敁婂䅩,71,85,1,1,5,0,5,10,2,1,2,6,10,1,5,103,1,0,2,0,10,14,4,1,12,nnid
扢㉕䐰䈰䨳䩯䅷㡁ㅅ䵌,69,111,1,1,5,0,1,10,0,1,2,1,10,1,5,122,1,11,3,0,2,14,4,1,11,nnid
畇啬楢扵㍴奂䅁祁㕖䵃,73,81,1,49,1,5,7,11,0,1,2,1,10,1,5,122,2,11,3,0,10,17,3,1,11,nnid
㑣奰呋㑁摥剢䅑捁灆䵘,73,85,0,25,5,6,1,10,0,1,2,1,10,1,5,106,2,11,3,0,2,29,3,1,10,nnid
ㅲ乔桂啌党⽭䅧硁䩅䅔,72,85,1,44,5,0,8,10,4,1,2,22,11,7,1,65,2,0,2,1,18,16,2,10,12,nnid
䅌汈楌扵摶䩈䅷䩁噬䅎,71,85,1,44,5,0,1,10,12,13,3,1,10,1,5,81,2,0,2,0,2,14,4,1,11,nnid
偰㍖祈椷啶祏䅁硁䙅䅑,71,69,0,51,5,0,7,2,28,1,2,1,10,1,5,103,2,0,2,0,10,21,4,1,11,nnid
䔱䐲穳娷⽗䩺䅷捁灕䅎,71,56,0,48,5,0,8,10,23,1,2,1,10,1,5,103,2,0,2,1,18,16,2,1,11,nnid
䱍㄰祮椷䝩汧䅁婁框䵘,73,85,1,16,5,6,10,10,6,23,3,1,10,1,5,106,2,11,3,0,2,14,4,1,11,nnid
偖䕔䑕楓捧㑇䅁䩁䩖䅔,71,56,0,48,5,0,1,10,0,1,2,1,10,1,5,103,2,0,2,1,2,27,3,1,11,nnid
灬晚䐰䈰㕺䭯䅧䍁摆䵅,70,48,1,5,5,6,3,10,6,1,2,4,10,13,5,68,2,11,3,1,10,22,1,8,10,nnid
㑚ぺ䑅楓䭰偖䅧杁氲䅓,72,107,0,50,5,0,8,10,6,1,2,23,11,8,5,81,2,0,2,0,2,13,2,12,11,nnid
穤摮呱㑁煤灹䅑啁㔱䅴,71,69,1,42,5,0,7,10,10,1,2,1,10,1,5,103,2,0,2,0,10,14,4,1,10,nnid
㌷睎䑫䈰㘯挸䅷潁栱䅂,71,81,0,48,5,0,7,10,10,1,2,1,10,1,5,65,2,0,2,1,26,27,2,1,10,nnid
䍣獮吶㑁楡确䅧噁桅䅅,71,56,1,41,5,0,7,10,27,1,2,7,11,5,5,81,2,0,2,0,2,14,4,1,10,nnid
䨱晖剈㐶䝏䰵䅁十硭䅔,72,85,1,51,5,0,7,10,21,1,2,6,10,1,5,65,2,0,2,1,2,27,2,1,12,nnid
䍰卭摈䵢扙⬲䅷㕁噬䅱,72,85,1,48,4,0,7,2,28,1,2,6,10,1,5,119,2,0,2,0,10,14,4,1,12,nnid
晸㕅楊㘲桘偌䅑䅁䉅䅅,72,73,0,1,5,0,1,10,0,1,2,1,10,1,5,81,1,0,2,1,18,20,3,1,11,nnid
煳慬祘椷ぶ䭌䅁潁婭䵺,71,77,0,11,5,6,6,10,17,23,3,1,10,13,1,122,3,11,3,0,2,14,4,7,11,nnid
⽋㡸穰乭摗㝈䅧祁䩆䅹,71,69,0,47,5,0,7,10,21,1,2,1,10,1,5,65,2,0,2,1,10,16,2,1,11,nnid
爹捅呱㑁䅑䝓䅑ぁ瑅䅋,67,48,0,1,5,0,1,10,0,1,2,1,10,1,5,103,1,0,2,0,10,22,3,1,10,nnid
偔獎癡ㅑ㕒慤䅁䅁呆䵩,79,73,1,52,5,6,11,10,12,23,3,15,11,16,5,122,4,11,3,1,18,16,2,1,12,nnid
稷㥦獨⭸杅睴䅧䩁⭅䴳,79,99,1,47,4,6,15,2,24,23,3,1,10,1,5,106,3,11,3,1,18,16,2,1,12,nnid
㑷扣䭑㙅卲伹䅁扁㕭䵋,70,103,1,4,5,6,10,10,6,23,3,6,10,1,5,84,3,11,3,1,10,19,2,1,12,nnid
㑐㥙吶㑁灡扗䅑摁栱䅲,71,69,1,51,5,0,7,10,10,1,2,14,11,7,5,81,2,0,2,0,18,18,2,1,10,nnid
塔䙉杸敱䡷㡧䅑䅁硗䅍,69,56,1,22,5,0,6,10,6,1,2,1,10,1,5,65,2,0,2,1,10,20,3,1,11,nnid
歮䕳祈椷祬㌱䅷䵁㕭䅚,72,85,0,1,5,0,1,10,0,1,2,1,10,1,5,81,1,0,2,1,10,16,2,1,11,nnid
灣卪⭗䑺䥫⭱䅑ㅁㅅ䅅,71,56,1,53,5,0,7,10,21,1,2,1,10,1,5,103,2,0,2,1,2,26,3,1,12,nnid
㉣娫呋㑁睚䝤䅧慁婭䵶,73,115,1,14,5,6,1,10,0,1,2,3,10,1,5,106,2,11,3,0,18,22,3,10,10,nnid
㥵䙄摧⭈汅睖䅁䅁䉅䅷,71,85,1,1,5,0,5,10,2,1,2,6,10,1,5,65,1,0,2,1,18,16,2,1,12,nnid
㔸故㍵慏䙧畗䅑啁乫䅚,72,85,1,1,5,0,5,10,2,1,2,6,10,1,5,81,1,0,2,1,2,27,3,1,12,nnid
敋䝹卭砱祶䩅䅑䕁汬䅌,71,56,0,44,5,0,8,10,19,1,2,26,11,4,5,65,2,0,2,0,2,14,4,4,11,nnid
灤䅚畮癧䝗硥䅷䑁䩕䅰,72,111,1,41,5,0,7,10,10,1,2,19,11,7,5,81,2,0,2,0,18,18,3,1,12,nnid
瑇奺䑅䈰卺硏䅁䭁瑆䅂,71,52,0,57,5,0,7,10,10,1,2,1,10,1,5,65,2,0,2,0,2,12,3,1,11,nnid
奺䥯兑ㅄ㝭敨䅁䵁硭䅄,71,56,1,53,5,0,7,2,28,1,2,1,10,1,5,103,2,0,2,1,26,28,3,1,11,nnid
唸扬䑕䈰〳捇䅧牁䘲䅩,71,56,1,50,5,0,8,10,21,1,2,1,10,1,5,103,2,0,2,0,2,14,4,1,10,nnid
奯䡊卄䱶扐焯䅧䍁瑆䅳,72,85,1,58,5,0,1,10,0,1,2,1,10,1,5,81,2,0,2,0,2,14,4,1,11,nnid
朷婥牭慶㡂㡯䅷䥁剬䅇,71,107,1,48,5,0,8,10,0,1,2,22,11,1,5,65,2,0,2,0,10,14,4,1,12,nnid
瀸婳穰乭硣ㅖ䅑噁摫䅅,71,107,0,54,5,0,1,10,0,1,2,1,10,1,5,103,2,0,2,0,2,26,3,1,10,nnid
㥋慤丸䡙ㄲ昸䅑桁ㄱ䅳,71,56,1,58,5,0,1,10,0,1,2,6,10,1,5,81,2,0,2,0,18,22,2,1,12,nnid
灹㑓卄䱶塁湳䅧䩁火䅂,71,81,0,52,5,0,1,10,0,1,2,1,10,1,5,81,2,0,2,0,26,28,2,1,10,nnid
㡒楗䉘圯す甴䅁啁估䵊,70,99,1,21,5,6,5,2,28,23,3,6,10,1,5,122,2,11,3,1,2,13,1,1,12,nnid
噣䩨楌扵塯䅫䅧㝁ㅇ䅎,71,69,1,1,5,0,1,10,0,1,2,1,10,1,5,65,1,0,2,0,10,17,3,1,11,nnid
塌稯湤乪牙啳䅷婁摬䅪,72,73,1,58,5,0,8,10,8,1,2,16,11,7,5,81,2,0,2,1,18,16,2,1,12,nnid
㑳煏䑫䈰氯橍䅷䅁剆䅺,71,103,0,46,5,0,7,10,17,1,2,16,9,8,5,81,2,0,2,0,2,14,4,13,10,nnid
捯䐵䑫䈰琲男䅧噁噆䅌,71,69,1,58,5,0,1,10,0,1,2,1,10,1,5,119,2,0,2,0,18,19,4,1,10,nnid
⽚㙯⽗匫扅ㄳ䅧硁ㅭ䅆,71,119,1,40,5,0,8,10,6,1,2,11,11,7,5,81,2,0,2,0,2,14,4,1,12,nnid
晓佂呡㑁浗佉䅷奁灭䅑,71,103,0,48,4,0,7,2,28,1,2,12,11,8,5,81,2,0,2,0,18,20,2,1,10,nnid
䭁楗內ㅄ㍰楩䅷䅁剕䴫,72,56,1,1,5,0,1,10,0,1,2,1,10,1,5,65,1,11,3,1,26,25,1,1,11,nnid
㝇噷穰乭偣佑䅑啁䉅䵱,69,52,0,1,5,0,1,10,0,1,2,1,10,1,5,84,1,11,3,0,10,14,4,1,11,nnid
㝚ㅦ楢扵獴楬䅑䍁䙫䴫,72,52,1,1,5,0,1,10,0,1,2,1,10,1,5,65,1,11,3,0,10,14,4,1,11,nnid
㝮别䑫䈰睹煑䅑慁䙆䅙,71,69,0,52,4,0,8,10,10,1,2,1,10,1,5,103,2,0,2,0,26,24,1,1,11,nnid
橍㉐瀳橮㈸塈䅁煁䉫䅓,71,85,1,1,5,0,6,10,12,1,2,5,10,6,5,65,1,0,2,0,10,19,1,6,12,nnid
㐶敲椷扵坱煯䅧ぁ摆䅳,71,107,1,50,5,0,7,10,10,1,2,1,10,1,5,103,2,0,2,1,18,16,2,1,11,nnid
橲睁協䱶㝄破䅧䅁䉆䵃,69,48,1,20,5,6,1,10,0,1,2,1,10,1,5,84,3,11,3,0,10,21,4,1,10,nnid
⽳偺睹睑穑橔䅷䅁硖䅌,71,69,1,48,5,0,7,10,10,1,2,1,10,1,5,65,2,0,2,0,2,13,2,1,10,nnid
条坪佈假洱堷䅧睁乹䅎,71,85,1,48,5,0,1,10,0,1,2,1,10,1,5,81,2,0,2,0,10,16,1,1,12,nnid
夫㜫楢扵坱䥱䅁䥁桬䅋,71,85,1,45,5,0,8,10,4,1,2,21,9,1,5,103,2,0,2,0,18,19,3,1,10,nnid
穤㕘硓䅄癚㝉䅁十楗䵺,77,99,1,49,5,6,1,10,0,1,2,6,10,1,5,106,4,11,3,0,18,21,3,1,12,nnid
畇卫積娷打偤䅧㉁㥖䅎,76,69,0,58,5,0,8,10,6,1,2,1,10,8,5,81,6,2,2,1,10,22,1,1,11,nnid
剡坅奋⭣塬㍤䅑䅁䍅䵍,69,111,1,15,5,0,5,10,2,1,2,6,10,1,5,65,2,11,3,1,26,27,0,1,12,nnid
佌䑲戲㙃䍫煲䅑䅁硖䅲,71,85,1,44,5,0,1,10,0,1,2,6,10,1,5,119,2,0,2,0,2,29,2,1,12,nnid
㥋䡐楲扵灴䉹䅁牁砲䅄,71,119,1,57,5,0,7,10,10,1,2,1,10,1,5,81,2,0,2,1,26,24,2,1,11,nnid
唫捓䑕䈰礳㜷䅁婁㕅䵦,71,111,0,33,5,6,1,10,10,13,3,1,10,1,5,68,2,11,3,1,26,29,2,1,10,nnid
捦扃猷堰批牧䅷慁噫䅃,71,85,1,53,5,0,7,10,8,1,2,6,10,1,5,103,2,0,2,1,10,14,0,1,12,nnid
䌫㕮楢扵副⽕䅧䅁剆䅬,71,81,1,40,5,0,8,10,4,1,2,1,10,1,5,119,2,0,2,0,2,14,4,1,10,nnid
䅙煂睃睑䙢瘴䅁㝁ㅕ䵨,71,56,0,1,5,0,1,10,0,1,2,1,10,1,5,68,1,11,3,1,26,27,2,1,10,nnid
䡶㉷杂敱䌵礸䅑ぁ到䴫,73,89,1,40,5,6,1,10,0,1,2,6,10,1,5,122,2,11,3,1,26,25,1,1,12,nnid
癱奘祈椷晶楯䅑䅁䉅䅂,71,119,1,52,4,0,1,10,0,1,2,1,10,1,5,81,2,0,2,0,26,25,3,1,11,nnid
硘ぁㅆ氵䵩煂䅁䅁祇䴯,77,81,1,1,5,0,5,10,4,23,3,3,10,5,5,68,1,11,3,1,18,16,2,3,12,nnid
湩䉶其眹婗㙦䅁䅁䉅䅊,71,69,1,1,5,0,5,10,2,1,2,6,10,1,5,103,1,0,2,1,18,16,2,1,12,nnid
㉃㕌䑕䈰爲敨䅧ㅁ䩫䅌,71,107,1,46,5,0,1,10,0,1,2,1,10,1,5,103,2,0,2,1,2,30,2,1,11,nnid
捈䘴睓睑潤瑥䅧汁剕䅐,71,77,1,54,5,0,1,10,0,1,2,26,11,7,5,65,2,0,2,0,10,13,2,1,11,nnid
癶䱓椷扵啫摶䅁捁䉫䅴,71,69,1,51,5,0,7,2,28,1,2,1,10,1,5,103,2,0,2,1,2,25,2,1,11,nnid
䕐䘫㉔捎椶䉷䅑呁䙧䵯,73,73,1,1,5,0,1,10,0,1,2,1,10,1,5,84,1,11,3,0,2,13,2,1,9,nnid
匵味穚乭潤樫䅧ㅁ䉅䅖,72,81,1,44,5,0,8,10,4,1,2,22,11,8,5,65,2,0,2,0,26,26,2,1,10,nnid
摇硁呱㑁䵢汧䅑䅁䉅䅹,71,85,0,43,5,0,8,10,4,1,2,14,11,7,1,65,2,0,2,1,18,16,2,1,11,nnid
䜯祹稴㙎睎噵䅧橁㥭䅳,71,56,1,51,5,0,7,2,28,1,2,1,10,1,5,81,2,0,2,1,2,25,2,1,10,nnid
㤹坄塕桋灍䍸䅑䭁㥖䅃,71,85,1,44,5,0,8,10,4,1,2,21,9,1,5,103,2,0,2,0,2,30,1,1,12,nnid
瑦獡穙㙎⽁焹䅷䅁䉕䄰,71,69,1,58,5,0,7,10,2,1,2,1,10,1,5,65,2,0,2,1,10,16,2,1,12,nnid
买䭶祘椷橯畤䅁流灆䅎,71,107,0,49,4,0,7,10,10,1,2,23,11,4,5,119,2,0,2,1,26,24,2,1,11,nnid
穆ㅨ楢扵䑵癗䅷䕁㥖䅲,72,107,0,53,4,0,1,10,0,1,2,1,10,1,5,119,2,0,2,0,18,19,3,1,11,nnid
㥚潪塓煑㐰吱䅷摁ㅭ䅱,71,69,1,51,5,0,7,10,21,1,2,1,10,1,5,81,2,0,2,0,26,24,2,1,12,nnid
低䵵稸娷摘穚䅁杁㤱䅑,72,85,1,57,5,0,7,10,21,1,2,26,11,7,5,103,2,0,2,1,26,25,1,1,11,nnid
摥穱祍䅥䝐潡䅑噁摆䅎,71,56,1,48,5,0,8,10,8,1,2,1,10,1,5,103,2,0,2,1,10,19,1,1,10,nnid
㉳兩協䱶䡎瑐䅷穁㥧䄳,71,107,1,51,5,0,8,10,21,1,2,18,11,8,5,81,2,0,2,1,2,12,2,4,12,nnid
牋㍈稵乭坦甹䅑䅁䍆䵯,75,81,1,1,5,0,1,10,0,1,2,1,10,1,5,68,1,11,3,0,10,14,4,1,11,nnid
䕰畳協䱶㡏灆䅷䑁汖䅓,71,56,1,53,4,0,7,2,26,1,2,1,10,1,5,103,2,0,2,1,18,16,2,1,11,nnid
㈱㈳呡㑁穡灉䅧瑁灗䅘,71,107,1,52,5,0,1,10,0,1,2,1,10,1,5,81,2,0,2,1,2,14,1,1,11,nnid
䐸㙣瑹兘塐敨䅧穁摬䅪,71,56,1,44,5,0,8,10,21,1,2,6,10,1,5,65,2,0,2,0,2,14,4,1,12,nnid
䡶瀷稴㙎癈㝷䅷㕁汕䄵,72,85,1,40,5,0,1,10,12,13,3,1,10,7,5,103,2,0,2,1,26,24,0,8,10,nnid
獎别楌扵㙪椰䅑䅁䍕䵂,73,115,1,56,4,6,6,10,23,23,3,1,10,1,5,84,4,11,3,0,26,24,2,1,11,nnid
㠷橲楲扵䍧湪䅧㑁剬䅅,71,56,0,54,5,0,8,10,12,1,2,21,11,1,5,103,2,0,2,1,2,14,2,1,10,nnid
歨摄楖漹䤯䭈䅑牁䑫䵦,79,81,1,58,5,6,1,10,0,1,2,1,10,1,5,84,4,11,3,1,10,12,1,1,10,nnid
偳㥊穉㙎⽁䠳䅑獁佫䵇,69,89,1,20,5,6,1,10,0,1,2,6,10,1,5,84,3,11,3,1,18,17,2,1,12,nnid
男㍏杂敱甲癨䅷牁琱䅕,71,69,0,40,5,0,1,10,0,1,2,1,10,1,5,103,2,0,2,1,10,16,0,1,10,nnid
婶㝅剖䱔汲牱䅷䅁硇䵙,74,77,1,1,5,0,5,10,2,1,2,6,10,1,5,122,1,11,3,0,2,12,2,1,12,nnid
䩈啍卭砱浭ㅯ䅑汁硭䄰,72,99,1,54,4,0,8,10,8,1,2,11,11,1,5,81,2,0,2,0,2,14,4,1,11,nnid
㝴䩕穉㙎杈⭂䅁坁浖䵃,69,103,0,1,5,0,1,10,0,1,2,1,10,1,5,65,1,11,3,0,2,14,1,1,10,nnid
偊捶晪䅬畎乧䅁䅁䉕䵡,71,77,1,1,5,0,5,10,2,1,2,6,10,1,5,122,1,11,3,1,18,16,2,1,12,nnid
⭚灗楌扵㍰䵙䅑允噬䅱,72,73,1,1,5,0,1,10,0,1,2,1,10,1,5,65,1,0,2,1,10,16,0,1,11,nnid
㕺留呱㑁歗へ䅧桁汇䅔,72,81,0,44,5,0,7,10,27,1,2,25,11,7,1,81,2,0,2,1,18,18,3,10,11,nnid
㑂晳摔扇䤷呱䅷獁瑂䅳,71,107,1,42,5,0,1,10,0,1,2,6,10,1,5,103,2,0,2,1,18,16,2,1,12,nnid
䴸㙐獕㡭摪䡔䅑䅁祑䵂,65,65,1,15,5,0,5,10,2,1,2,6,10,1,5,65,2,0,2,1,18,16,2,1,12,nnid
䱈偩楌扵㙮呶䅧剁䝗䵋,71,52,0,49,1,5,7,11,0,1,2,1,10,1,5,106,2,11,3,1,10,16,0,1,11,nnid
㡥卨祈椷浩档䅁䅁剆䄰,72,77,0,58,5,0,1,10,0,1,2,16,9,1,5,65,2,0,2,1,18,16,2,1,11,nnid
眸䝒協䱶兎䉕䅑硁婭䅴,71,107,1,44,5,0,1,10,0,1,2,6,10,1,5,119,2,0,2,1,18,16,2,1,12,nnid
塆㡷椷扵兵晆䅷䝁婆䅑,71,69,1,42,5,0,7,10,2,1,2,1,10,1,5,119,2,0,2,1,10,19,2,1,11,nnid
㑊䡺杨敱洳て䅧ㅁ䙅䅩,72,85,1,54,4,0,1,10,0,1,2,6,10,1,5,103,2,0,2,0,10,12,2,1,12,nnid
歐〰內ㅄ㉶效䅧䅁䉅䅌,71,107,0,44,5,0,8,10,19,1,2,1,10,1,5,103,2,0,2,1,18,16,2,1,10,nnid
⽋䜷琵睤她㍡䅁噁栱䅂,71,52,1,40,5,0,1,10,0,1,2,6,10,1,5,103,2,0,2,1,2,12,2,1,12,nnid
ㅐ杦䑸坪㌷扳䅷ㅁ乖䅃,71,107,1,40,5,0,1,10,0,1,2,6,10,1,5,103,2,0,2,0,26,28,2,1,12,nnid
瑭潊䑅䈰摺㥄䅷牁瑖䴯,69,89,1,1,5,0,1,10,0,1,2,1,10,1,5,65,1,11,3,1,26,27,2,1,10,nnid
ㅁ眶㑍払㈶先䅷敁乗䅬,71,48,1,51,5,0,8,10,21,1,2,6,10,1,5,81,2,0,2,1,18,16,2,1,12,nnid
婡游灸捧ね䥓䅁硁䙫䄰,71,107,1,50,5,0,7,10,10,1,2,1,10,1,5,103,2,0,2,1,18,16,2,1,12,nnid
奌乖䅏晍㕸潂䅑䅁桅䅯,72,89,0,46,5,0,4,10,19,1,2,23,11,7,5,103,2,0,2,0,2,14,4,13,11,nnid
煢桡䍈睚穄儹䅁ぁ䉇䅂,71,119,1,52,4,0,5,10,8,1,2,1,10,1,5,81,2,0,2,1,18,16,2,1,12,nnid
䥗㈫⽓瑣剱睵䅑㙁ㅖ䵨,72,77,1,22,5,6,10,10,6,23,3,6,10,1,5,122,2,11,3,1,10,16,0,1,12,nnid
畹㕄兑ㅄ獶⽲䅁䅁䉅䵱,73,81,1,1,5,0,1,10,0,1,2,1,10,1,5,68,1,11,3,1,10,16,2,1,11,nnid
偵䍸穒⬳渱卧䅁䥁硭䅢,67,111,1,49,5,0,6,2,24,1,2,9,11,3,5,65,1,0,2,1,18,16,2,15,12,nnid
呸晉協䱶䩎䰰䅧坁婃䅳,71,56,1,51,5,0,7,10,10,1,2,25,11,1,5,81,2,0,2,0,10,14,4,1,12,nnid
摈⽦祈椷敶祅䅧坁䉅䅳,71,56,1,40,5,0,7,2,26,1,2,1,10,1,5,119,2,0,2,0,10,21,4,1,11,nnid
ㅂ䙬汶晦昸敧䅁奁噬䅺,71,115,1,1,5,0,5,10,2,1,2,6,10,1,5,81,1,0,2,0,10,14,4,1,12,nnid
⽚扴䑕楓䡧嘷䅁獁桇䵌,70,111,0,1,5,0,5,10,12,23,3,1,10,1,5,68,1,11,3,0,2,29,2,1,11,nnid
㈷䑋久灂䑶佈䅧䅁橃䵒,76,111,1,1,5,0,1,10,0,1,2,1,10,1,5,68,1,11,3,1,2,12,1,1,12,nnid
据畷祈椷䍩敮䅷䅁硖䵔,72,77,1,1,5,0,1,10,0,1,2,1,10,1,5,68,1,11,3,1,18,16,2,1,11,nnid
慒䩩䑫楓䅩㑥䅷穁㕗䅎,71,107,1,40,5,0,7,2,26,1,2,8,11,1,5,103,2,0,2,0,2,14,4,1,11,nnid
睳䡔楊㘲煒奯䅧杁ㄲ䅲,71,69,1,44,5,0,1,10,0,1,2,1,10,1,5,65,2,0,2,0,18,16,4,1,11,nnid
唴杷南砱扭㕇䅑䅁䉅䅵,71,107,0,50,5,0,1,10,0,1,2,1,10,1,5,119,2,0,2,1,18,16,2,1,11,nnid
楕䩣䑕楓慩捈䅧䍁乫䅡,71,69,1,47,5,0,1,10,0,1,2,1,10,1,5,119,2,0,2,1,26,26,3,1,11,nnid
扵灇䑫䈰匷畂䅷捁䉕䅌,71,69,1,58,5,0,1,10,0,1,2,1,10,1,5,65,2,0,2,1,18,16,2,1,10,nnid
⭨扴睹睑⽥癹䅁捁䝆䵇,69,89,1,1,5,0,1,10,0,1,2,1,10,1,5,106,1,11,3,1,26,29,2,1,10,nnid
䱩䍅楌扵杳癢䅁㝁乫䅕,71,56,0,57,5,0,7,10,21,1,2,7,11,6,5,103,2,0,2,0,2,14,4,3,11,nnid
稵偣䉚块䉃⬳䅧䅁桇䄲,71,107,1,58,5,0,8,10,8,1,2,13,11,8,5,65,2,0,2,1,18,16,2,4,12,nnid
䵗先婖䉓娱卫䅷捁䉆䅕,71,69,1,40,5,0,1,10,0,1,2,6,10,1,5,65,2,0,2,0,18,20,2,1,12,nnid
䍐㡣匲砱摭楣䅁䅁硅䅴,67,65,1,51,4,0,7,10,10,1,2,1,10,1,5,119,2,0,2,0,2,14,4,1,10,nnid
剄㝵䑫䈰㈹䑒䅧牁䩅䅴,71,69,1,42,5,0,7,2,28,1,2,8,11,1,5,103,2,0,2,1,10,20,3,1,11,nnid
煆䩬牅留瑤渶䅁剁畬䵩,79,115,1,53,4,6,7,2,26,23,3,5,11,12,5,122,3,11,3,1,18,19,3,1,12,nnid
楪瑋䑫楓浯偧䅁坁久䅕,69,107,1,57,5,0,4,10,6,1,2,1,10,1,5,81,1,0,2,0,2,14,4,1,11,nnid
牕獙睹睑䥑眷䅑啁婆䅂,71,52,1,52,5,0,8,10,6,1,2,1,10,1,5,81,2,0,2,0,26,28,3,1,11,nnid
奕び楌扵な⭩䅁瑁䩆䅃,71,119,1,48,5,0,8,10,4,1,2,1,10,1,5,81,2,0,2,1,2,27,3,1,11,nnid
匸潲睩睑㕗睔䅷捁䈰䅴,71,69,1,40,5,0,1,10,0,1,2,21,10,6,5,119,2,0,2,1,10,16,0,4,10,nnid
㥋奍硖ㅯさ渰䅧䅁䉅䅫,72,107,1,40,5,0,7,2,26,1,2,6,10,1,5,65,2,0,2,1,18,16,2,1,12,nnid
䕵爯礳椷捶搷䅑桁汬䅋,71,69,0,50,5,0,8,10,10,1,2,1,10,1,5,119,2,0,2,0,2,13,2,1,11,nnid
㜴䱇穰乭块兺䅑杁稱䵋,80,119,0,42,5,6,1,10,0,1,2,1,10,1,5,84,3,11,3,0,26,28,3,1,10,nnid
㕅樱椷扵杵呑䅁䑁䘲䅨,71,52,0,48,5,0,7,10,10,1,2,1,10,1,5,119,2,0,2,0,26,25,3,1,11,nnid
汯䙨剏婮橎匹䅑橁琲䅴,71,107,1,49,4,0,8,10,10,1,2,1,10,1,5,119,2,0,2,1,10,14,3,1,12,nnid
㍲㡦獌䑖牙䑤䅁敁框䅷,71,107,1,40,5,0,8,10,23,1,2,16,9,4,5,103,2,0,2,0,10,14,4,1,12,nnid
䍤㥎桎㥲䵹䝚䅑扁䕅䩆,115,65,0,43,5,0,10,10,2,8,3,19,11,3,5,67,3,2,2,1,26,24,3,1,10,nnid
扷䕏內ㅄ㝶䜶䅷煁瑆䅎,72,85,0,55,5,0,7,10,19,1,2,1,10,1,5,103,2,0,2,0,18,16,1,1,11,nnid
⽡娰煏㠲伹㍰䅧牁桖䅎,71,69,1,49,5,0,7,2,28,1,2,12,11,7,5,103,2,0,2,0,10,19,3,1,12,nnid
㑳敢穯㙎㍈㍴䅑牁硕䵇,71,77,1,4,5,6,10,10,6,23,3,23,11,4,5,84,3,11,3,1,10,18,3,9,10,nnid
㤷卩㑤堫渱潋䅑慁桬䅳,71,85,1,46,5,0,7,10,19,1,2,22,11,8,5,81,2,0,2,1,18,16,2,1,12,nnid
浒呲㕱䤯ㄵ⼴䅷䅁䉅䵶,74,77,1,8,5,6,5,10,12,23,3,6,10,1,5,84,3,11,3,1,2,12,2,1,12,nnid
㡒癷䅥晍䈲䅳䅁歁摬䅲,71,56,0,48,4,0,7,2,28,1,2,1,10,1,5,65,2,0,2,0,10,14,4,1,11,nnid
歖之䑕楓潨㕓䅁䭁㕇䵖,79,65,0,47,5,6,9,10,23,23,3,7,10,6,1,65,2,11,3,1,10,18,3,7,11,nnid
桸搹呡㑁桥倶䅷䅁硆䅳,71,56,1,48,5,0,1,10,0,1,2,1,10,1,5,119,2,0,2,1,18,16,2,1,11,nnid
礰爷睃睑䕑吴䅁扁婆䅲,72,107,1,44,5,0,8,10,4,1,2,1,10,1,5,65,2,0,2,0,26,28,2,1,10,nnid
䬫兕剰祙䠶攱䅁䅁硆䄵,71,52,1,1,5,0,1,10,0,1,2,1,10,1,5,65,1,0,2,1,10,16,0,1,11,nnid
穓ㅕ吶㑁噗汄䅧扁乫䅔,71,56,1,49,4,0,8,10,19,1,2,8,11,7,1,103,2,0,2,1,18,20,3,1,11,nnid
⭍䡈睩睑瑦婏䅁摁剬䅴,71,69,0,48,5,0,1,10,0,1,2,1,10,1,5,103,2,0,2,1,26,24,2,1,10,nnid
㘸䉄楢扵歳橩䅁慁楖䵇,73,111,1,40,5,6,1,10,0,1,2,1,10,1,5,65,2,11,3,0,10,18,2,1,10,nnid
癦杯啬㉹兲䡸䅁䅁剆䅔,70,65,1,40,5,0,7,10,6,1,2,1,10,1,5,65,2,0,2,0,2,14,4,1,12,nnid
㔹焰椷扵獱硧䅷啁䨰䅓,71,85,0,44,5,0,7,10,6,1,2,8,11,1,5,103,2,0,2,0,2,14,4,1,10,nnid
湈橋礳椷捭䵶䅷畁䙅䅳,71,56,0,40,5,0,7,2,26,1,2,1,10,1,5,119,2,0,2,0,2,14,4,1,11,nnid
圷乸楌扵䡧獲䅧䉁䙆䅎,71,69,0,48,4,0,7,10,19,1,2,19,9,1,5,65,2,0,2,1,18,20,3,1,10,nnid
䙗㕖吶㑁灗䭫䅁㕁䙫䅄,71,103,0,48,5,0,8,10,6,1,2,10,11,7,5,103,2,0,2,0,26,25,3,5,10,nnid
⽋坐穣娷摘啇䅑剁䩗䅆,71,73,0,53,4,0,3,2,24,1,2,8,11,8,5,103,2,0,2,0,18,19,4,1,11,nnid
婇呓健䝙楘智䅁䅁䉅䅓,71,69,1,53,4,0,7,2,26,1,2,6,10,1,5,103,2,0,2,1,2,13,2,1,12,nnid
瑐䵐瑚位剗䥌䅧允婬䅡,71,69,1,43,5,0,7,10,10,1,2,1,10,1,5,103,2,0,2,1,18,16,2,1,12,nnid
穳娱卄䱶汊噑䅧ぁ摬䅋,71,69,1,1,5,0,5,10,2,1,2,6,10,1,5,81,1,0,2,1,18,21,1,1,12,nnid
䡒䑐稫䑅湡䩮䅁㉁婆䅴,71,69,1,1,5,0,7,10,21,1,2,1,10,1,5,65,1,0,2,0,2,14,1,1,11,nnid
塳䉶楰㘲晘灇䅷瑁ざ䩇,107,77,0,53,4,0,8,10,6,1,2,8,11,7,5,103,2,0,2,0,2,13,2,1,11,nnid
兰呧漵佺何浹䅁䅁硇䵦,69,81,1,1,5,0,5,10,2,1,2,6,10,1,5,68,1,11,3,0,2,28,3,1,12,nnid
挷甴睓睑硑倶䅧䅁呗䵦,75,115,0,1,5,0,1,10,0,1,2,1,10,1,5,84,1,11,3,0,2,14,3,1,10,nnid
樲䴳穙㙎坐婂䅧摁剖䵅,71,69,0,42,5,6,6,10,21,23,3,1,10,1,5,122,2,11,3,1,18,16,0,1,10,nnid
噶䥚杨敱汸奩䅁⭁䉗䅄,71,119,1,48,5,0,8,10,4,1,2,1,10,1,5,81,2,0,2,0,2,14,4,1,12,nnid
偎潂偅汖穤㤱䅷䅁䉅䅺,71,107,1,40,5,0,8,10,6,1,2,6,10,1,5,65,2,0,2,1,18,16,2,1,12,nnid
䅔䭬瑋⽃㡱晓䅧十䉅䅶,71,119,1,44,5,0,1,10,0,1,2,6,10,1,5,65,2,0,2,1,18,16,2,1,12,nnid
桵堰䐰䈰䵺畭䅁橁㥭䴫,71,77,1,14,5,6,12,10,12,23,3,21,11,15,5,122,3,11,3,1,2,30,2,1,10,nnid
捶伴杒敱嘴䕯䅷噁婂䅔,71,69,1,1,5,0,1,10,0,1,2,1,10,1,5,81,1,0,2,1,10,13,3,1,12,nnid
㝌側⭳㝧癅啫䅷䅁䉆䅎,71,107,1,51,4,0,4,10,19,1,2,6,10,1,5,81,1,0,2,0,10,18,2,1,12,nnid
㑡穭祮椷內⬯䅧扁㕭䅋,72,85,1,48,4,0,7,10,21,1,2,1,10,1,5,119,2,0,2,0,10,16,4,1,11,nnid
歊㕌慴䡶坵⽘䅁䅁剒䅕,71,69,1,48,5,0,1,10,0,1,2,6,10,1,5,65,2,0,2,0,10,21,3,1,12,nnid
䑨卬睩睑牕啊䅁剁䱫䵳,75,81,1,1,5,0,1,10,0,1,2,1,10,1,5,122,1,11,3,1,10,21,2,1,11,nnid
䨸祏椷扵䍯㈹䅁獁㈱䵋,70,56,1,1,5,0,11,10,25,23,3,5,11,1,5,65,1,11,3,1,17,19,8,2,10,nnid
煅䭢卺䱶捅潚䅑䱁乫䅫,71,56,0,46,5,0,1,10,0,1,2,1,10,1,5,81,2,0,2,1,10,21,2,1,11,nnid
塌偒穉㙎㙐⽰䅑捁䙫䅴,71,107,1,1,5,0,7,2,28,1,2,6,2,39,5,81,1,0,2,0,11,14,7,6,11,nnid
浪剺呡㑁⽥穔䅁祁乫䅋,69,85,0,22,5,0,6,10,6,1,2,1,10,1,5,119,2,0,2,0,2,14,4,1,11,nnid
慇煘呋㑁瑡䉔䅧䅁桗䅴,71,69,1,48,5,0,1,10,0,1,2,1,10,1,5,81,2,0,2,0,2,28,4,1,11,nnid
硯䙡睩睑睤䕳䅁祁框䵦,69,56,0,1,5,0,5,2,28,23,3,1,10,1,5,106,1,11,3,1,18,19,2,1,10,nnid
摩低佸嘯癢捵䅁㕁婅䅱,71,56,1,44,5,0,8,10,0,1,2,1,10,1,5,119,2,0,2,0,2,27,1,1,12,nnid
䍐癡杸敱䜲吱䅧䅁䉅䵌,69,103,0,1,5,0,1,10,0,1,2,1,10,1,5,122,1,11,3,1,18,16,2,1,10,nnid
畋硡敐南浆㠷䅁煁㤱䅺,72,81,1,53,5,0,7,10,25,1,2,9,11,8,5,81,2,0,2,1,10,18,3,0,12,nnid
㍊呶䡕橳浭佯䅧䅁硇䅎,72,107,1,49,4,0,7,10,23,1,2,17,9,1,5,119,2,0,2,0,2,14,4,1,12,nnid
䑬䉊卄䱶䥅晎䅧歁乫䅩,71,69,1,58,5,0,1,10,0,1,2,1,10,1,5,119,2,0,2,0,18,16,4,1,11,nnid
儸慮䉩牗䕺䙴䅁䅁楇䵲,76,111,1,15,5,0,5,10,2,1,2,6,10,1,5,65,2,11,3,0,2,13,3,1,12,nnid
敲㑶楆漹䴯噮䅷潁坬䴯,77,119,0,42,5,6,16,10,6,23,3,24,9,14,5,106,3,11,3,0,10,14,4,1,10,nnid
杨橵光倸㝄䙫䅷㉁噆䅃,72,85,1,41,5,0,8,10,21,1,2,6,10,1,5,103,2,0,2,1,18,22,2,1,12,nnid
氵癹睃睑煙䕩䅁䩁卆䵇,71,111,1,56,4,6,1,10,0,1,2,1,10,1,5,122,4,11,3,1,10,16,0,1,10,nnid
䉢湴䑅楓捯浕䅁䍁䙅䅅,71,69,1,58,5,0,7,2,28,1,2,1,10,1,5,103,2,0,2,1,2,25,3,1,11,nnid
塢搱扚刳䭈䥅䅑䍁灗䅎,71,107,1,58,5,0,8,10,21,1,2,6,10,1,5,119,2,0,2,0,26,24,3,1,12,nnid
獙慁眹塺坮㙧䅧瑁噬䅆,72,81,1,44,5,0,7,10,10,1,2,20,9,1,5,65,2,0,2,1,18,16,2,1,12,nnid
㝅漵兡稴㑇呖䅷硁䩫䅱,72,85,0,53,5,0,8,10,0,1,2,9,11,7,5,81,2,0,2,1,18,18,3,1,11,nnid
氯䕔卭砱䍱⭢䅁䅁䉅䅮,71,85,1,48,4,0,7,10,21,1,2,1,10,1,5,103,2,0,2,1,18,16,2,1,11,nnid
晡䅌硬䡓汮㜷䅧剁䬰䵇,69,89,1,1,5,0,1,10,0,1,2,1,10,1,5,65,1,11,3,1,10,16,2,1,11,nnid
䕨儵睩睑㡡偋䅁煁欱䅵,80,115,1,49,5,0,9,10,23,23,3,17,11,12,5,65,1,11,3,1,26,24,3,5,10,nnid
䱳朵杨敱剸ㄷ䅑⭁扅䵂,79,77,1,56,4,6,1,10,0,1,2,6,10,1,5,84,4,11,3,0,26,24,3,1,12,nnid
步睪ぇ樯⽇慅䅁祁㕭䅏,71,69,1,44,5,0,1,10,0,1,2,6,10,1,5,65,2,0,2,1,18,21,2,1,12,nnid
㕔䨸䐰楓煨奲䅧啁䙇䵖,69,81,0,8,5,6,16,10,27,23,3,14,11,6,5,122,3,11,3,0,10,14,4,11,11,nnid
㕳桘睓睑奕佘䅑䍁汫䵋,71,52,0,1,5,0,7,10,2,1,2,15,9,1,5,68,1,11,3,1,2,28,2,2,10,nnid
汹䑄獵払畩㥨䅑䅁剕䵅,71,111,1,40,5,6,9,10,6,23,3,1,10,1,5,106,2,11,3,1,10,16,0,1,12,nnid
卢䄶吶㑁乢䕴䅧䵁㥗䅋,72,85,1,44,5,0,1,10,0,1,2,1,10,1,5,65,2,0,2,0,10,20,2,1,10,nnid
䠲䅫偌牢㜯㉩䅷㡁楗䵃,72,85,1,50,5,6,15,2,24,23,3,1,10,1,5,106,3,11,3,1,10,16,2,1,12,nnid
坧䥂佐正灸流䅷䅁硅䵦,73,107,1,5,5,6,5,10,23,23,3,1,10,1,5,84,2,11,3,0,18,20,3,1,12,nnid
吸㑖䅂睳摧㙳䅁十ㄱ䵋,69,115,1,22,5,6,10,10,6,23,3,6,10,1,5,106,2,11,3,1,18,16,3,1,12,nnid
獋䔶積娷楘乌䅑奁捬䅯,76,65,0,55,5,0,3,10,21,1,2,1,10,1,5,65,3,0,2,0,18,19,3,1,11,nnid
砵硲砹㙯䜰别䅷楁㤲䅺,71,69,0,48,5,0,7,10,2,1,2,1,10,7,1,81,2,0,2,0,2,14,4,10,11,nnid
㔱潲硥硨䥷噎䅧䕁㔱䅺,71,103,1,48,5,0,7,10,27,1,2,1,10,1,5,81,2,0,2,1,18,16,2,1,12,nnid
祷癚杒敱洲乐䅑汁㥆䵋,73,119,1,11,5,6,9,10,23,23,3,26,10,9,5,106,2,11,3,0,11,16,7,1,10,nnid
湨䡎䅏晍䄳但䅑䅁硇䅓,69,56,0,10,5,0,5,10,10,1,2,1,10,1,5,65,2,0,2,0,10,14,4,1,10,nnid
㑓汤㑅匷㥕䩭䅧䅁剂䅱,71,56,1,52,5,0,7,10,4,1,2,21,9,1,5,103,1,0,2,1,10,18,3,1,12,nnid
商午楌扵却敲䅷坁佗䵍,73,73,1,1,5,0,1,10,0,1,2,1,10,1,5,122,1,11,3,0,10,17,3,1,11,nnid
灳慦刷楢䑒䉏䅷䅁框䅱,71,56,1,47,5,0,3,10,0,1,2,18,11,4,5,119,2,0,2,0,10,14,4,1,12,nnid
䅔䥍䭨畦楋慗䅷䅁硇䅷,71,85,1,44,5,0,1,10,0,1,2,6,10,1,5,65,2,0,2,1,18,16,2,1,12,nnid
婃此摸な眸灤䅑㥁㥇䅘,71,69,1,50,5,0,7,10,10,1,2,1,10,1,5,65,2,0,2,1,18,18,3,1,12,nnid
⬷礷眴㑙㍵商䅑捁硆䅄,71,69,1,51,5,0,7,2,28,1,2,1,10,1,5,103,2,0,2,0,2,14,4,1,12,nnid
䱎橊硴㠳㡇ㅥ䅁䅁䉇䅌,71,107,1,48,4,0,7,2,28,1,2,1,10,1,5,65,2,0,2,1,18,16,2,1,12,nnid
㜷㕉穰乭㙥湩䅧㙁睕䩆,109,77,1,52,5,0,7,10,21,1,2,19,11,7,5,81,2,0,2,1,10,18,3,1,10,nnid
啎畺稸娷䍦剡䅧䕁䩬䅓,71,107,1,47,5,0,8,10,8,1,2,20,10,7,5,119,2,0,2,1,18,16,2,12,11,nnid
呢㡢積娷乔来䅑䉁摬䄶,71,56,1,44,5,0,1,10,0,1,2,1,10,1,5,103,2,0,2,0,18,17,3,1,11,nnid
呸朵䜶浥匶䭨䅁䅁框䅎,71,69,1,48,4,0,7,10,19,1,2,19,9,1,5,65,2,0,2,0,26,28,1,1,12,nnid
塸爵䑫䈰欲却䅧慁乫䅊,72,77,1,48,5,0,7,10,2,1,2,1,10,1,5,81,2,0,2,1,10,14,1,1,11,nnid
临啺杨敱䜳塏䅁䵁䙬䅍,71,85,0,53,5,0,1,10,0,1,2,1,10,1,5,119,2,0,2,0,26,28,3,1,10,nnid
⽚䨹ㅲ昱坑楂䅷䅁䉆䅅,72,107,1,40,5,0,7,2,26,1,2,6,10,1,5,65,2,0,2,1,18,16,2,1,12,nnid
婄扚䅢慷噍硉䅧汁婆䄵,71,69,1,46,5,0,7,10,10,1,2,16,11,8,5,103,2,0,2,1,18,16,2,1,12,nnid
㡗畍稵乭㍗䝵䅁䅁䉕䵳,65,65,0,1,5,0,1,10,0,1,2,1,10,1,5,65,1,0,2,1,18,16,2,1,10,nnid
圯硭丹眹㕱㍨䅁㉁硇䵃,69,111,1,20,5,6,1,10,0,1,2,6,10,1,5,122,3,11,3,0,2,26,1,1,12,nnid
㉥敍祍䅥佐硭䅧獁串䄵,72,85,1,49,4,0,7,10,10,1,2,1,10,8,5,103,2,0,2,0,2,14,4,1,10,nnid
噴湐穉㙎㉐㔱䅷歁㥕䵃,72,56,1,20,5,6,1,10,0,1,2,8,11,3,5,68,3,11,3,1,2,12,1,8,10,nnid
㑰慺硄敋㝷䝵䅷䝁摆䅄,69,69,1,17,5,0,6,10,10,1,2,4,10,5,5,81,2,0,2,1,2,28,3,5,12,nnid
歔噥吶㑁噗獣䅷䑁瑖䴷,70,56,1,1,5,0,1,10,0,1,2,1,10,1,5,106,1,11,3,1,26,29,2,1,10,nnid
睧䡣牸⽴灮浸䅷䱁䙅䅩,71,56,1,50,5,0,7,10,27,1,2,1,10,1,5,119,2,0,2,1,18,16,2,1,12,nnid
硤洲吶㑁ㅤ㝄䅷楁乇䅂,71,119,0,52,4,0,1,10,0,1,2,1,10,1,5,81,2,0,2,0,26,24,4,1,10,nnid
樴⼵穰乭敤䅦䅧䱁剭䅅,69,85,0,21,5,0,5,10,2,1,2,1,10,1,5,65,2,0,2,1,10,16,0,1,10,nnid
㤴㜯稵乭㙤㍬䅑敁桖䵨,73,77,1,53,5,6,9,10,23,23,3,18,2,3,5,122,2,11,3,1,26,29,2,1,10,nnid
ㅣ剑楬漹丯㡎䅧䩁䍆䴳,80,77,1,1,5,0,1,10,0,1,2,1,10,1,5,65,1,11,3,1,18,16,2,1,10,nnid
䤵䭘楌扵捧杣䅑䱁䉅䅐,72,81,1,50,5,0,8,10,10,1,2,13,11,7,5,81,2,0,2,1,18,16,2,5,10,nnid
楦乆偸睁硓煪䅧䍁乧䵧,69,81,1,1,5,0,5,10,2,1,2,6,10,1,5,84,1,11,3,1,2,12,1,1,12,nnid
㈳圷協䱶摐㝧䅑㥁扆䵂,75,99,1,47,4,6,16,10,27,23,3,1,10,1,5,84,3,11,3,1,18,16,2,1,10,nnid
㍊㙴穳娷灔套䅑㝁䭇䵅,72,52,0,1,5,0,1,10,0,1,2,1,10,1,5,68,1,11,3,0,10,14,4,1,11,nnid
㑳楨睃睑䑤䭺䅁䍁丱䅆,71,119,1,48,5,0,7,10,10,1,2,16,11,7,5,65,2,0,2,1,2,13,0,11,10,nnid
㥋ぢ硐㙙硰焹䅧䭁㥃䅶,72,99,1,53,5,0,1,10,0,1,2,1,10,1,5,81,2,0,2,1,10,16,0,1,12,nnid
煊䝤穚乭⭣穸䅑摁栲䅳,71,56,0,48,5,0,1,10,0,1,2,1,10,1,5,65,2,0,2,1,10,16,0,1,11,nnid
睌獴穳娷桕㡊䅑坁䩅䅅,72,73,1,42,5,0,7,2,28,1,2,1,10,1,5,81,2,0,2,1,10,20,3,1,11,nnid
䐸堲䑫䈰䅹牥䅧䱁䉅䵒,74,77,0,14,5,6,5,10,12,23,3,1,10,1,5,122,3,11,3,1,18,16,2,1,10,nnid
䴴婙穰乭䵘敒䅧汁䙇䵹,71,115,1,1,5,0,1,10,0,1,2,1,10,1,5,65,1,11,3,0,2,14,3,1,10,nnid
㑳㡓穉㙎桐栫䅷䩁祗䴰,75,48,1,43,4,6,7,10,0,23,3,20,11,6,5,68,2,11,3,1,10,16,0,1,10,nnid
穯㥋睃睑瑗物䅑㕁䈲䅇,72,73,1,58,5,0,8,10,8,1,2,1,10,1,5,65,2,0,2,0,2,26,3,1,11,nnid
䭑琰⽬偑扭偄䅑㡁硇䅈,71,56,1,13,5,0,7,10,21,1,2,12,11,1,5,65,2,0,2,0,18,17,3,1,12,nnid
娶㕲椷扵剧空䅧摁硇䅌,67,52,1,1,5,0,1,10,0,1,2,1,10,1,5,119,1,0,2,0,2,14,4,1,10,nnid
䬹ぬ穣娷畑㙙䅧流䩅䅏,71,107,0,48,4,0,7,2,28,1,2,1,10,1,5,65,2,0,2,0,2,27,2,1,10,nnid
搰㝷䅋嘰䉆呈䅁ㅁ䩫䅴,71,107,1,46,5,0,7,2,28,1,2,6,10,1,5,103,2,0,2,1,18,16,2,1,12,nnid
㍳氹欴䡰偅つ䅧䅁䉂䄳,71,69,1,44,5,0,8,10,4,1,2,6,10,1,5,103,2,0,2,0,2,26,3,1,12,nnid
卂䡹祍䅥㥏礱䅷㥁硭䄰,72,73,1,50,4,0,7,2,28,1,2,1,10,1,5,81,2,0,2,1,18,16,2,1,11,nnid
㥁㕭硫㉂楳慄䅧䅁硅䅫,71,69,1,53,5,0,8,10,21,1,2,22,11,8,5,103,2,0,2,1,18,16,2,1,12,nnid
⽚啰㕏割䍭㡒䅧䅁䉅䅴,71,69,1,48,5,0,7,2,28,1,2,6,10,1,5,103,2,0,2,1,18,16,2,1,12,nnid
䥴偰䑅䈰收癏䅧䅁䉗䅃,71,56,1,53,5,0,7,10,21,1,2,6,2,39,5,103,2,0,2,0,10,14,4,1,12,nnid
味塐杨敱䜳丸䅷煁ㅇ䅂,71,119,0,52,4,0,7,10,2,1,2,11,11,8,5,81,2,0,2,1,10,21,2,1,11,nnid
氹䱕兑ㅄ牶偧䅑扁砱䅴,71,69,1,43,5,0,7,10,21,1,2,1,10,1,5,65,2,0,2,1,18,16,2,1,11,nnid
煶䵯兑ㅄ⽨〲䅁祁剫䅉,69,99,1,10,5,0,1,10,0,1,2,1,10,1,5,81,2,0,2,1,18,18,3,1,11,nnid
䈸佮畬湣噵畨䅑䅁䉕䅎,71,69,1,40,5,0,1,10,0,1,2,6,10,1,5,81,2,0,2,1,10,20,3,1,12,nnid
桬䍺䐰䈰⽹䩆䅧慁䉅䅹,71,107,1,48,4,0,7,2,28,1,2,1,10,1,5,119,2,0,2,1,18,16,2,1,10,nnid
卹歨稴㙎剐畕䅧䝁久䅔,71,85,0,53,5,0,1,10,0,1,2,1,10,1,5,81,2,0,2,0,2,14,4,1,10,nnid
㘵っ楢扵坵⼹䅁流穕䵂,79,77,0,53,5,6,7,2,26,23,3,1,10,1,5,122,2,11,3,0,2,27,2,1,10,nnid
㡆䵑䄫晍倰㝭䅁祁䨲䅳,71,69,1,39,5,0,3,10,0,1,2,1,10,1,5,81,1,0,2,1,2,25,2,1,10,nnid
坓猹䱱娷危汘䅧䅁剂䅅,72,85,1,44,5,0,1,10,0,1,2,6,10,1,5,65,2,0,2,0,2,25,2,1,12,nnid
䑙煇摈䙭止煉䅷䅁硖䅫,71,107,1,44,5,0,8,10,8,1,2,12,11,1,5,103,2,0,2,0,2,13,1,1,12,nnid
䉬愱礳椷牮呚䅑⭁瑇䵘,73,99,1,38,5,6,9,2,24,23,3,1,10,1,5,106,2,11,3,1,26,24,2,1,11,nnid
呹夫允ㅄ瑶奨䅷䅁䉕䵖,70,107,1,1,5,0,1,10,0,1,2,1,10,1,5,65,1,11,3,1,18,16,2,1,11,nnid
佳䕹䑕䈰朳䔯䅁扁湭䵧,80,119,1,38,5,7,23,11,0,1,2,23,9,13,5,122,1,11,3,1,10,14,1,0,10,nnid
牓䅨档楆㡑䑈䅷瑁䉅䄱,71,52,1,51,5,0,7,10,10,1,2,26,11,7,5,119,2,0,2,0,2,14,4,1,12,nnid
䉐扉楆漹䑺敵䅁⭁偆䵕,76,56,1,48,5,6,12,10,21,23,3,4,10,13,5,68,4,11,3,0,2,29,3,1,10,nnid
⭬⽈䑫楓剰䵦䅧䉁⭇䵩,76,111,0,50,5,6,8,10,17,1,2,1,10,1,5,68,4,11,3,0,2,14,4,1,11,nnid
敥婑䅵晍䘰乧䅷允氲䅳,71,56,1,40,5,0,1,10,0,1,2,1,10,1,5,65,2,0,2,0,26,24,2,1,10,nnid
奲㙙卪䱶千䑮䅷呁汬䅎,72,85,1,40,5,0,7,2,24,1,2,12,11,7,5,65,2,0,2,0,2,14,4,1,12,nnid
硤煅䐰楓䭯㕇䅑䅁䉅䅵,71,56,0,41,5,0,7,10,10,1,2,16,9,1,5,103,2,0,2,0,10,20,2,1,11,nnid
ㅵ⭓奢䉷噦䝎䅷牁氱䅄,72,73,1,40,5,0,8,10,8,1,2,25,11,7,5,81,2,0,2,1,26,25,2,1,12,nnid
ㅳ〯穉㙎⽁慹䅑歁婬䵤,72,65,1,1,5,0,5,10,2,1,2,6,10,1,5,65,1,11,3,0,26,25,4,1,12,nnid
㥈桤䅏晍到⭮䅷慁框䅫,71,107,1,46,5,0,7,2,28,1,2,1,10,1,5,81,2,0,2,1,10,14,2,1,11,nnid
然㡱楲扵䝨㕘䅁噁㕭䅗,71,107,0,48,4,0,7,2,28,1,2,1,10,1,5,119,2,0,2,1,18,16,2,1,11,nnid
⭲䑎䑫䈰稳噁䅧硁㘲䴵,77,103,0,53,4,6,5,2,24,23,3,1,10,7,5,68,3,11,3,1,18,18,0,1,10,nnid
灦伷楬漹㤫敦䅁䅁框䅎,71,56,0,58,5,0,8,10,8,1,2,25,11,3,5,103,2,0,2,1,18,16,2,2,10,nnid
㡭癩祈椷畬䑍䅑硁桭䵌,70,119,1,6,5,6,16,10,27,23,3,1,10,1,5,122,3,11,3,1,26,29,2,1,11,nnid
㜷䙢穙橧煙奖䅷祁䩓䅪,71,119,1,57,5,0,7,10,2,1,2,6,10,1,5,81,2,0,2,1,18,16,2,1,12,nnid
噌浹楌扵䱴刱䅷䅁剆䅎,69,69,1,2,5,0,1,10,0,1,2,1,10,1,5,119,2,0,2,1,18,16,2,1,11,nnid
䝰䙁稸娷䭑䅦䅁䑁䨲䅴,71,69,0,48,5,0,7,10,27,1,2,8,11,1,5,65,2,0,2,1,18,16,2,1,11,nnid
敳嘲杂敱䌵楦䅁䱁灂䵘,73,85,1,38,5,6,10,10,6,23,3,7,10,6,1,106,2,11,3,1,10,19,1,1,12,nnid
⬶眳楲扵捪佑䅁楁摆䅋,71,56,1,43,5,0,7,10,2,1,2,1,10,1,5,103,2,0,2,0,2,14,4,1,10,nnid
灪敃䕆敕呚婁䅁㕁摫䅨,71,119,1,52,4,0,1,10,0,1,2,6,10,1,5,81,2,0,2,1,18,16,2,1,12,nnid
㜶婧穬睮礯穔䅁硁䙫䴫,80,119,1,20,5,6,1,10,0,1,2,6,10,1,5,84,3,11,3,1,10,16,0,1,12,nnid
䵃䉴㜳摍異湙䅑䅁䉅䅴,71,69,1,42,5,0,7,10,10,1,2,1,10,1,5,103,2,0,2,1,18,16,2,1,12,nnid
䥧摕⬫楹摓海䅷灁䩫䅨,72,77,1,54,5,0,7,2,26,1,2,6,10,1,5,65,2,0,2,0,2,14,4,1,12,nnid
䝚䥩慃䩄潃睱䅁桁䙇䅓,72,107,1,53,5,0,1,10,0,1,2,6,10,1,5,81,2,0,2,0,10,21,3,1,12,nnid
橓愶呱㑁捗嘱䅧牁摆䅃,72,73,1,53,5,0,7,10,8,1,2,1,10,1,5,81,2,0,2,0,2,12,3,1,10,nnid
祹剁根㥲瑸扁䅧楁䜲䵂,70,65,1,20,5,6,1,10,0,1,2,1,10,1,5,106,3,11,3,1,26,28,3,1,10,nnid
㡃䍚䑕䈰⭺契䅁摁䩆䅅,71,85,1,50,4,0,7,10,21,1,2,12,11,1,5,81,2,0,2,0,26,26,2,1,11,nnid
祦浤積娷楔晶䅷䅁䉅䵃,69,115,1,16,5,6,1,10,0,1,2,1,10,1,5,84,2,11,3,1,18,16,2,1,11,nnid
煂愫楲㝋煎塦䅷婁摖䩱,109,115,1,50,5,0,7,2,28,1,2,22,11,7,5,119,2,0,2,1,18,18,3,1,11,nnid
洶捣祘椷䍳汄䅑䉁噬䅵,71,69,1,47,5,0,7,10,2,1,2,1,10,1,5,65,2,0,2,0,10,14,4,1,11,nnid
啅⬰祮椷㡲浘䅷䅁硗䅋,71,85,0,53,5,0,1,10,0,1,2,1,10,1,5,103,2,0,2,0,2,14,3,1,11,nnid
䡑䝌余瑔䵷呸䅷䅁䉁䵋,69,52,1,20,5,6,1,10,0,1,2,1,10,1,5,106,3,11,3,1,18,16,2,1,12,nnid
吰⽥㑯婴椫婁䅧㑁砱䴯,73,89,1,1,5,0,1,10,0,1,2,1,10,1,5,65,1,11,3,1,2,25,3,1,12,nnid
㔵䭓楲扵噪灢䅷㥁栰䅑,71,69,1,44,5,0,3,2,26,1,2,1,10,1,5,119,2,0,2,0,18,19,3,1,10,nnid
噬唹㉪䰲煍灩䅁䥁桭䅔,71,103,1,52,5,0,7,2,28,1,2,1,10,1,5,81,2,0,2,0,10,14,4,1,12,nnid
瑣啒䑅楓䝵穖䅷慁瑖䅱,71,85,0,58,5,0,1,10,0,1,2,1,10,1,5,119,2,0,2,1,10,20,3,1,11,nnid
潒捒䑅䈰瑹ㄷ䅷ぁ汬䅩,72,73,1,50,4,0,1,10,0,1,2,1,10,1,5,81,2,0,2,1,2,14,2,1,11,nnid
楊灬稴㙎穐⽐䅁㥁䝫䵉,71,77,1,1,5,0,1,10,0,1,2,1,10,1,5,84,1,11,3,1,18,16,2,1,11,nnid
䍥㡆䑕楓橰歸䅷穁䉆䄰,71,103,0,1,5,0,7,2,26,1,2,1,10,1,5,81,1,0,2,1,2,29,0,1,11,nnid
条䥚㙹佋晳坒䅁歁汬䵯,74,77,1,1,5,0,5,10,2,1,2,6,10,1,5,122,1,11,3,0,10,18,3,1,12,nnid
䡰搵祘椷兮䍐䅁ㅁ䙫䅂,71,69,1,54,5,0,7,2,26,1,2,1,10,1,5,103,2,0,2,0,18,17,3,1,11,nnid
洵煮升砱晭䭧䅑㝁乫䅹,72,85,1,53,4,0,7,10,4,1,2,26,11,8,5,103,2,0,2,1,18,21,2,1,11,nnid
Albert E.,64,64,0,43,0,4,3,2,12,4,0,6,5,23,0,31,4,0,0,0,2,20,4,0,10,celebrity
Beyonce,82,40,1,30,0,4,3,3,11,3,1,10,3,13,0,14,6,0,4,0,2,20,4,0,9,celebrity
Bieber,98,47,0,17,0,1,4,3,13,19,0,11,6,0,3,81,7,11,0,0,2,20,4,0,10,celebrity
Bob Ross,95,19,0,54,0,2,3,3,10,5,1,7,4,33,0,54,6,0,1,1,8,26,4,0,4,celebrity
Bob Ross,64,64,0,17,0,4,4,2,12,0,6,1,4,22,0,54,6,0,0,0,2,20,4,0,0,celebrity
Brad Pitt,95,110,0,37,1,2,3,3,11,1,0,6,3,15,4,108,6,10,0,0,2,20,4,0,11,celebrity
Chappell,33,48,1,20,2,4,4,2,12,1,1,3,2,4,1,7,2,0,0,0,2,20,4,0,7,celebrity
Chef,127,44,0,2,4,4,4,2,12,0,7,5,4,23,0,43,7,0,0,0,2,20,4,0,10,celebrity
Christina,30,6,1,42,2,3,4,2,11,3,6,3,1,27,4,101,7,0,0,0,2,20,4,0,0,celebrity
DanTDM,88,0,0,36,4,3,3,3,12,2,1,11,3,26,0,107,0,8,0,0,2,20,4,0,5,celebrity
Don Pollo,64,64,0,15,2,4,4,2,12,7,0,6,4,23,0,34,0,3,4,0,2,20,4,0,10,celebrity
Elvis,95,103,0,37,0,2,3,3,10,0,0,6,3,23,4,67,0,0,0,0,2,20,4,0,11,celebrity
Failboat,96,55,0,32,4,3,4,3,12,6,6,13,4,33,0,107,7,2,0,0,2,20,4,1,2,celebrity
Frida K.,93,64,1,4,0,3,3,2,13,19,0,1,4,15,0,29,1,0,2,1,8,8,4,0,7,celebrity
Gary Bale,98,58,0,15,4,3,4,2,13,6,5,2,5,8,0,18,5,8,0,0,2,20,4,0,10,celebrity
Guy Fieri,107,127,0,56,4,3,3,3,12,20,0,6,4,34,0,49,4,5,1,0,2,20,4,8,11,celebrity
JackieChan,61,67,0,14,0,2,2,3,12,1,0,7,5,21,0,5,0,4,1,0,2,20,4,0,10,celebrity
Jack Black,105,81,0,49,2,2,3,4,13,20,1,16,3,1,3,85,1,7,1,0,13,20,2,0,0,celebrity
Jack Black,83,127,0,49,2,1,4,4,12,9,0,16,2,15,4,83,1,10,0,0,2,20,4,0,6,celebrity
Jerma,45,35,0,31,0,4,5,2,12,1,1,6,4,17,0,22,1,8,3,0,2,20,4,0,0,celebrity
John W.,105,64,0,15,0,3,4,2,12,12,0,9,5,23,0,66,0,0,3,0,2,20,4,0,11,celebrity
Jordan,115,127,0,48,0,3,3,3,10,0,0,16,4,29,4,30,1,6,4,0,2,20,4,0,0,celebrity
Judge Judy,95,67,1,51,2,3,3,2,12,15,1,3,4,7,2,121,6,0,1,0,2,20,4,2,11,celebrity
Key,127,64,0,6,2,4,4,2,12,19,0,6,4,22,0,30,1,8,2,0,2,20,4,0,5,celebrity
Lady Gaga,75,54,1,10,0,7,7,2,1,5,7,6,4,1,2,20,7,0,3,0,2,20,4,7,10,celebrity
Mario M.,80,127,0,3,4,4,4,2,12,7,1,10,8,22,0,47,1,0,0,0,2,20,4,0,0,celebrity
Markiplier,95,41,0,31,1,4,4,2,11,12,0,6,5,22,0,5,0,6,1,0,2,20,4,1,0,celebrity
Matt,64,64,0,44,0,3,3,4,13,9,0,3,5,8,0,30,1,4,4,0,2,20,4,0,1,celebrity
Michael,88,43,0,15,2,3,4,3,10,1,0,1,4,23,4,117,0,1,1,0,2,20,4,0,0,celebrity
Miku,51,45,1,59,5,4,3,2,12,0,4,1,3,19,0,78,4,0,0,0,2,20,4,0,3,celebrity
Miley,100,62,1,58,5,3,4,2,12,19,5,16,2,29,0,81,7,10,0,0,2,20,4,0,10,celebrity
MJ,27,6,0,7,0,3,5,3,13,19,0,11,3,1,1,27,0,4,0,0,2,20,4,8,11,celebrity
Mr Beast,85,64,0,15,3,3,4,2,12,12,1,1,5,22,4,55,1,0,0,0,2,20,4,0,11,celebrity
Obama,95,103,0,37,0,2,3,3,11,1,0,6,4,22,4,45,0,0,4,0,2,20,4,0,11,celebrity
Peele,114,94,0,37,2,3,3,2,12,9,0,16,4,24,4,45,0,2,2,0,2,20,4,1,8,celebrity
Peely,127,64,0,18,0,6,3,4,9,23,1,2,4,22,0,59,7,6,1,0,2,20,4,0,2,celebrity
Peter G.,109,127,0,31,1,4,4,0,7,13,1,5,5,15,0,51,2,3,3,1,6,19,7,3,10,celebrity
RDJ,86,115,0,15,1,3,4,3,11,1,1,6,5,15,4,43,1,4,0,0,2,20,4,0,11,celebrity
Rick,83,52,0,2,2,3,4,3,12,0,3,9,3,21,4,68,3,4,0,0,2,20,4,0,9,celebrity
SamJackson,96,54,0,17,0,1,5,6,14,15,1,7,5,0,0,30,1,2,4,1,8,28,4,0,11,celebrity
Shaq,127,127,0,39,2,2,4,3,13,2,1,5,3,24,4,30,0,7,5,0,2,20,4,0,0,celebrity
Snoop D.,98,64,0,7,0,2,4,3,12,1,0,6,5,0,0,28,0,2,4,1,8,27,8,7,11,celebrity
Snoop Dogg,127,0,0,30,2,3,2,7,11,9,0,9,5,10,0,28,0,0,5,1,8,26,8,0,11,celebrity
Stan Lee,105,86,0,14,0,5,3,2,11,0,4,9,4,22,0,88,4,6,1,0,2,20,4,6,0,celebrity
Steve,91,48,0,49,2,2,4,3,13,1,1,6,3,22,2,55,1,2,0,0,2,20,4,0,4,celebrity
Steve,98,64,0,15,4,4,4,2,12,23,1,5,4,23,0,45,1,1,0,0,2,20,4,0,6,celebrity
Swift,91,55,1,20,2,2,4,3,11,0,7,1,5,29,4,96,7,4,0,0,2,20,4,0,2,celebrity
The Rock,122,82,0,44,0,1,4,2,12,15,0,6,5,15,0,23,0,6,2,0,2,20,4,0,11,celebrity
Tom R.,106,64,0,18,0,7,3,2,12,2,0,0,0,23,0,49,6,1,1,0,2,20,4,0,5,celebrity
Zendaya,63,0,1,40,2,3,3,3,12,1,3,10,2,24,4,18,1,4,2,0,10,25,0,0,11,celebrity
